"","Time","Cage","G1V","G1H","G1PL","G1B","G2V","G2H","G2PL","G2B","SPV","SPH","SPPL","SPB","Doy","Observer"
"1",8,7,4,2,"GR","",NA,NA,"","",NA,NA,"","",217,"Rob"
"2",8,15,11,2,"Cage","",NA,NA,"","",NA,NA,"","",217,"Rob"
"3",8,4,4,3,"Cage","",4,4,"Grass","",NA,NA,"","",217,"Rob"
"4",8,3,7,5,"Cage","",5,5,"Grass","",NA,NA,"","",217,"Rob"
"5",8,5,18,5,"Cage","",7,3,"Cage","",NA,NA,"","",217,"Rob"
"6",8,13,18,5,"Cage","",10,1,"Grass","Eat",NA,NA,"","",217,"Rob"
"7",8,1,17,0,"Cage","",17,1,"Cage","",NA,NA,"","",217,"Rob"
"8",8,2,17,0,"Cage","",18,3,"Cage","",NA,NA,"","",217,"Rob"
"9",8,10,18,1,"Cage","",18,5,"Cage","",NA,NA,"","",217,"Rob"
"10",8,11,17,0,"Cage","",5,4,"Grass","",7,3,"","Sit",217,"Rob"
"11",8,14,6,2,"Cage","",NA,NA,"","",17,4,"","Sit",217,"Rob"
"12",8,6,8,3,"Grass","",NA,NA,"","",17,3,"","Sit",217,"Rob"
"13",8,9,12,1,"Cage","",NA,NA,"","",17,1,"","Sit",217,"Rob"
"14",8,12,8,3,"Grass","",5,3,"Grass","",17,0,"","Sit",217,"Rob"
"15",8,8,5,0,"Cage","",8,3,"Cage","",17,3,"","Sit",217,"Rob"
"16",8.5,7,5,2,"GR","Sit",NA,NA,"","",NA,NA,"","",217,"Rob"
"17",8.5,3,6,6,"Cage","Sit",NA,NA,"","",NA,NA,"","",217,"Rob"
"18",8.5,15,17,1,"Cage","Walk",NA,NA,"","",NA,NA,"","",217,"Rob"
"19",8.5,4,13,6,"Cage","Sit",4,4,"GR","Sit",NA,NA,"","",217,"Rob"
"20",8.5,1,7,4,"Cage","Sit",7,3,"GR","Eat",NA,NA,"","",217,"Rob"
"21",8.5,10,14,1,"Cage","Sit",8,0,"Cage","Sit",NA,NA,"","",217,"Rob"
"22",8.5,5,15,4,"Cage","Sit",8,4,"Cage","Sit",NA,NA,"","",217,"Rob"
"23",8.5,2,17,0,"Cage","Sit",18,1,"Cage","Sit",NA,NA,"","",217,"Rob"
"24",8.5,13,18,6,"Cage","Sit",18,6,"Cage","Sit",NA,NA,"","",217,"Rob"
"25",8.5,11,NA,NA,"","",NA,NA,"","",7,3,"Grass","Sit",217,"Rob"
"26",8.5,14,6,4,"Clover","Sit",NA,NA,"","",17,4,"Cage","Sit",217,"Rob"
"27",8.5,8,8,3,"Cage","Sit",NA,NA,"","",17,3,"Cage","Sit",217,"Rob"
"28",8.5,6,17,3,"Cage","Sit",9,3,"GR","Sit",17,3,"Cage","Sit",217,"Rob"
"29",8.5,12,3,0,"Cage","Hop",11,3,"GR","Sit",17,0,"Cage","Sit",217,"Rob"
"30",8.5,9,2,6,"Grass","Sit",14,2,"Cage","Sit",17,1,"Cage","Sit",217,"Rob"
"31",9,7,18,1,"Cage","Sit",NA,NA,"","",NA,NA,"","",217,"Rob"
"32",9,3,6,5,"Cage","Sit",4,3,"Cage","Sit",NA,NA,"","",217,"Rob"
"33",9,4,18,2,"Cage","Sit",4,4,"GR","Sit",NA,NA,"","",217,"Rob"
"34",9,5,6,3,"Grass","Sit",7,2,"GR","Sit",NA,NA,"","",217,"Rob"
"35",9,1,9,4,"Cage","Sit",7,4,"GR","Sit",NA,NA,"","",217,"Rob"
"36",9,15,17,5,"Cage","Walk",11,5,"Cage","Sit",NA,NA,"","",217,"Rob"
"37",9,13,17,5,"Cage","Sit",17,6,"Cage","Sit",NA,NA,"","",217,"Rob"
"38",9,2,17,0,"Cage","Sit",17,0,"Cage","Sit",NA,NA,"","",217,"Rob"
"39",9,10,15,0,"Cage","Sit",18,1,"Cage","Sit",NA,NA,"","",217,"Rob"
"40",9,11,17,4,"Cage","Sit",NA,NA,"","",7,6,"Cage","Sit",217,"Rob"
"41",9,9,14,2,"Cage","Sit",4,3,"Grass","Sit",17,1,"Cage","Sit",217,"Rob"
"42",9,14,16,4,"Cage","Sit",6,2,"GR","Sit",17,3,"Cage","Sit",217,"Rob"
"43",9,8,12,1,"Cage","Sit",7,1,"Cage","Sit",17,3,"Cage","Sit",217,"Rob"
"44",9,6,15,2,"Cage","Sit",9,3,"GR","Sit",17,3,"Cage","Sit",217,"Rob"
"45",9,12,4,2,"Cage","Hop",11,3,"GR","Sit",17,0,"Cage","Sit",217,"Rob"
"46",9.5,12,6,6,"Cage","Sit",NA,NA,"","",NA,NA,"","",217,"Rob"
"47",9.5,4,17,1,"Cage","Walk",NA,NA,"","",NA,NA,"","",217,"Rob"
"48",9.5,3,6,1,"Grass","Sit",6,4,"Cage","Sit",NA,NA,"","",217,"Rob"
"49",9.5,5,7,3,"GR","Sit",6,2,"Grass","Hop",NA,NA,"","",217,"Rob"
"50",9.5,1,17,1,"Cage","Sit",8,3,"Grass","Sit",NA,NA,"","",217,"Rob"
"51",9.5,15,17,2,"Cage","Sit",10,2,"Cage","Walk",NA,NA,"","",217,"Rob"
"52",9.5,2,16,2,"Cage","Sit",18,1,"Cage","Sit",NA,NA,"","",217,"Rob"
"53",9.5,13,17,0,"Cage","Sit",18,6,"Cage","Sit",NA,NA,"","",217,"Rob"
"54",9.5,10,17,0,"Cage","Sit",18,1,"Cage","Sit",NA,NA,"","",217,"Rob"
"55",9.5,11,9,2,"GR","Sit",NA,NA,"","",3,5,"Grass","Sit",217,"Rob"
"56",9.5,9,18,5,"Cage","Sit",NA,NA,"","",17,1,"Cage","Sit",217,"Rob"
"57",9.5,8,18,1,"Cage","Sit",3,5,"Grass","Sit",17,3,"Cage","Sit",217,"Rob"
"58",9.5,14,16,2,"Cage","Sit",8,2,"Grass","Sit",17,4,"Cage","Sit",217,"Rob"
"59",9.5,6,16,0,"Cage","Walk",9,1,"Cage","Sit",17,3,"Cage","Sit",217,"Rob"
"60",9.5,7,13,2,"Cage","Sit",NA,NA,"","",18,0,"Cage","Sit",217,"Rob"
"61",10,5,7,3,"GR","Sit",NA,NA,"","",NA,NA,"","",217,"Rob"
"62",10,2,18,1,"Cage","Sit",NA,NA,"","",NA,NA,"","",217,"Rob"
"63",10,1,NA,NA,"","",17,0,"Cage","Sit",NA,NA,"","",217,"Rob"
"64",10,4,8,3,"Cage","Sit",17,0,"Cage","Walk",NA,NA,"","",217,"Rob"
"65",10,15,18,5,"Cage","Sit",17,0,"Cage","Sit",NA,NA,"","",217,"Rob"
"66",10,3,14,1,"Cage","Sit",18,2,"Cage","Sit",NA,NA,"","",217,"Rob"
"67",10,13,17,5,"Cage","Sit",18,5,"Cage","Sit",NA,NA,"","",217,"Rob"
"68",10,10,17,0,"Cage","Sit",18,1,"Cage","Sit",NA,NA,"","",217,"Rob"
"69",10,11,9,2,"Cage","Walk",NA,NA,"","",3,5,"Grass","Sit",217,"Rob"
"70",10,9,11,2,"Cage","Walk",NA,NA,"","",17,1,"Cage","Sit",217,"Rob"
"71",10,12,11,3,"GR","Sit",2,1,"Cage","Sit",17,0,"Cage","Sit",217,"Rob"
"72",10,8,17,1,"QAL","Sit",6,3,"Cage","Sit",17,3,"Cage","Sit",217,"Rob"
"73",10,14,12,2,"Cage","Walk",9,3,"Grass","Feed",17,3,"Cage","Sit",217,"Rob"
"74",10,6,18,1,"Cage","Walk",11,0,"Cage","Sit",17,3,"Cage","Sit",217,"Rob"
"75",10,7,4,3,"Grass","Sit",NA,NA,"","",18,0,"Cage","Sit",217,"Rob"
"76",10.5,5,9,2,"Grass","Sit",NA,NA,"","",NA,NA,"","",217,"Rob"
"77",10.5,2,17,0,"Cage","Sit",NA,NA,"","",NA,NA,"","",217,"Rob"
"78",10.5,3,18,4,"Cage","Walk",NA,NA,"","",NA,NA,"","",217,"Rob"
"79",10.5,1,17,0,"Cage","Sit",6,4,"GR","Sit",NA,NA,"","",217,"Rob"
"80",10.5,4,14,3,"Cage","Sit",10,3,"GR","Sit",NA,NA,"","",217,"Rob"
"81",10.5,15,17,4,"Cage","Walk",18,5,"Cage","Sit",NA,NA,"","",217,"Rob"
"82",10.5,10,17,0,"Cage","Sit",18,3,"Cage","Sit",NA,NA,"","",217,"Rob"
"83",10.5,13,18,4,"Cage","Sit",18,6,"Cage","Sit",2,3,"Clover","Sit",217,"Rob"
"84",10.5,11,17,3,"Cage","Sit",NA,NA,"","",3,5,"Grass","Sit",217,"Rob"
"85",10.5,12,12,3,"GR","Sit",4,1,"Grass","Hop",17,0,"Cage","Sit",217,"Rob"
"86",10.5,6,15,0,"Cage","Walk",10,0,"Cage","Sit",17,3,"Cage","Sit",217,"Rob"
"87",10.5,14,18,4,"Cage","Sit",11,2,"Cage","Sit",17,3,"Cage","Sit",217,"Rob"
"88",10.5,8,17,1,"QAL","Sit",16,1,"QAL","Eat",17,3,"Cage","Sit",217,"Rob"
"89",10.5,7,NA,NA,"","",NA,NA,"","",18,0,"Cage","Sit",217,"Rob"
"90",10.5,9,18,5,"Cage","Walk",17,6,"Cage","Sit",18,1,"Cage","Sit",217,"Rob"
"91",11,2,18,0,"Cage","Sit",NA,NA,"","",NA,NA,"","",217,"Rob"
"92",11,1,17,0,"Cage","Sit",6,3,"Grass","Eat",NA,NA,"","",217,"Rob"
"93",11,5,9,2,"Grass","Sit",10,3,"Cage","Sit",NA,NA,"","",217,"Rob"
"94",11,4,17,0,"Cage","Walk",10,2,"Cage","Walk",NA,NA,"","",217,"Rob"
"95",11,3,10,1,"Cage","Walk",17,0,"Cage","Sit",NA,NA,"","",217,"Rob"
"96",11,15,16,0,"Cage","Walk",17,5,"Cage","Walk",NA,NA,"","",217,"Rob"
"97",11,10,18,1,"Cage","Sit",18,0,"Cage","Sit",NA,NA,"","",217,"Rob"
"98",11,13,18,4,"Cage","Walk",17,5,"Cage","Sit",2,3,"Clover","Sit",217,"Rob"
"99",11,11,17,0,"Cage","Sit",7,2,"Cage","Walk",3,5,"Grass","Sit",217,"Rob"
"100",11,12,11,2,"GR","Sit",NA,NA,"","",17,0,"Cage","Sit",217,"Rob"
"101",11,6,18,0,"Cage","Walk",11,0,"Cage","Sit",17,3,"Cage","Sit",217,"Rob"
"102",11,14,18,5,"Cage","Walk",14,3,"GR","Sit",17,3,"Cage","Sit",217,"Rob"
"103",11,8,17,6,"Cage","Sit",18,6,"Cage","Sit",17,3,"Cage","Sit",217,"Rob"
"104",11,7,NA,NA,"","",NA,NA,"","",18,0,"Cage","Sit",217,"Rob"
"105",11,9,17,4,"Cage","Sit",14,1,"GR","Eat",18,1,"Cage","Sit",217,"Rob"
"106",11.5,4,10,3,"GR","Sit",4,2,"Herb","Eat",NA,NA,"","",217,"Rob"
"107",11.5,2,2,1,"GR","Sit",5,2,"Grass","Hop",NA,NA,"","",217,"Rob"
"108",11.5,3,8,5,"Cage","Walk",6,2,"GR","Eat",NA,NA,"","",217,"Rob"
"109",11.5,5,18,1,"Cage","Sit",10,3,"Cage","Sit",NA,NA,"","",217,"Rob"
"110",11.5,1,17,0,"Cage","Walk",17,0,"Cage","Walk",NA,NA,"","",217,"Rob"
"111",11.5,15,18,1,"Cage","Walk",18,4,"Cage","Sit",NA,NA,"","",217,"Rob"
"112",11.5,10,18,0,"Cage","Sit",18,4,"Cage","Sit",NA,NA,"","",217,"Rob"
"113",11.5,13,18,0,"Cage","Walk",17,5,"Cage","Sit",2,3,"Clover","Sit",217,"Rob"
"114",11.5,11,17,0,"Cage","Sit",4,4,"Herb","Sit",3,5,"Grass","Sit",217,"Rob"
"115",11.5,12,18,0,"Cage","Walk",NA,NA,"","",7,6,"Cage","Walk",217,"Rob"
"116",11.5,6,11,0,"Cage","Sit",16,0,"Cage","Walk",17,2,"Cage","Sit",217,"Rob"
"117",11.5,14,17,2,"Cage","Sit",18,6,"Cage","Sit",17,3,"Cage","Sit",217,"Rob"
"118",11.5,8,18,4,"Cage","Sit",18,6,"Cage","Walk",17,3,"Cage","Sit",217,"Rob"
"119",11.5,7,8,0,"Cage","Sit",NA,NA,"","",18,0,"Cage","Sit",217,"Rob"
"120",11.5,9,17,4,"Cage","Sit",18,4,"Cage","Walk",18,1,"Cage","Sit",217,"Rob"
"121",12,2,2,1,"Cage","Sit",NA,NA,"","",NA,NA,"","",217,"Rob"
"122",12,4,14,1,"Cage","Walk",4,2,"Cage","Sit",NA,NA,"","",217,"Rob"
"123",12,15,17,2,"Cage","Sit",17,3,"Cage","Sit",NA,NA,"","",217,"Rob"
"124",12,1,17,0,"Cage","Sit",17,0,"Cage","Sit",NA,NA,"","",217,"Rob"
"125",12,10,16,0,"Cage","Sit",18,4,"Cage","Sit",NA,NA,"","",217,"Rob"
"126",12,3,17,1,"Cage","Walk",18,1,"Cage","Walk",NA,NA,"","",217,"Rob"
"127",12,5,18,1,"Cage","Sit",18,4,"Cage","Walk",NA,NA,"","",217,"Rob"
"128",12,11,18,1,"Cage","Sit",5,4,"Grass","Sit",2,5,"Grass","Sit",217,"Rob"
"129",12,13,17,5,"Cage","Sit",18,5,"Cage","Sit",2,3,"Clover","Sit",217,"Rob"
"130",12,12,NA,NA,"","",NA,NA,"","",3,0,"Cage","Sit",217,"Rob"
"131",12,14,16,2,"Cage","Sit",8,3,"GR","Hop",17,3,"Cage","Sit",217,"Rob"
"132",12,6,16,0,"Cage","Sit",11,0,"Cage","Sit",17,2,"Cage","Sit",217,"Rob"
"133",12,9,17,4,"Cage","Sit",18,0,"Cage","Hop",17,1,"Cage","Sit",217,"Rob"
"134",12,8,18,5,"Cage","Walk",18,6,"Cage","Walk",17,3,"Cage","Sit",217,"Rob"
"135",12,7,NA,NA,"","",NA,NA,"","",18,0,"Cage","Sit",217,"Rob"
"136",12.5,2,NA,NA,"","",NA,NA,"","",NA,NA,"","",217,"Rob"
"137",12.5,4,18,0,"Cage","Sit",3,2,"Herb","Sit",NA,NA,"","",217,"Rob"
"138",12.5,10,17,0,"Cage","Sit",16,2,"Cage","Sit",NA,NA,"","",217,"Rob"
"139",12.5,1,17,3,"Cage","Walk",17,0,"Cage","Sit",NA,NA,"","",217,"Rob"
"140",12.5,3,17,0,"Cage","Walk",17,5,"Cage","Sit",NA,NA,"","",217,"Rob"
"141",12.5,15,16,2,"Cage","Sit",18,5,"Cage","Sit",NA,NA,"","",217,"Rob"
"142",12.5,5,18,1,"Cage","Sit",18,5,"Cage","Walk",NA,NA,"","",217,"Rob"
"143",12.5,13,18,5,"Cage","Sit",17,5,"Cage","Sit",2,3,"Clover","Sit",217,"Rob"
"144",12.5,12,7,6,"Cage","Walk",NA,NA,"","",3,0,"Cage","Sit",217,"Rob"
"145",12.5,11,18,1,"Cage","Sit",9,4,"Cage","Walk",3,5,"Grass","Sit",217,"Rob"
"146",12.5,9,18,5,"Cage","Walk",NA,NA,"","",17,1,"Cage","Sit",217,"Rob"
"147",12.5,6,11,0,"Cage","Molt",7,0,"Cage","Walk",17,2,"Cage","Sit",217,"Rob"
"148",12.5,14,18,1,"Cage","Walk",16,2,"Cage","Sit",17,3,"Cage","Sit",217,"Rob"
"149",12.5,8,18,5,"Cage","Walk",18,5,"Cage","Walk",17,3,"Cage","Sit",217,"Rob"
"150",12.5,7,4,3,"Grass","Eat",NA,NA,"","",18,0,"Cage","Sit",217,"Rob"
"151",13,2,4,0,"Cage","Sit",NA,NA,"","",NA,NA,"","",217,"Rob"
"152",13,15,17,4,"Cage","Walk",6,3,"GR","Sit",NA,NA,"","",217,"Rob"
"153",13,1,18,1,"Cage","Sit",17,0,"Cage","Sit",NA,NA,"","",217,"Rob"
"154",13,10,17,0,"Cage","Sit",18,2,"Cage","Sit",NA,NA,"","",217,"Rob"
"155",13,5,18,3,"Cage","Sit",18,5,"Cage","Sit",NA,NA,"","",217,"Rob"
"156",13,3,18,1,"Cage","Walk",18,2,"Cage","Sit",NA,NA,"","",217,"Rob"
"157",13,4,18,0,"Cage","Sit",18,0,"Cage","Sit",NA,NA,"","",217,"Rob"
"158",13,13,17,5,"Cage","Sit",17,5,"Cage","Sit",2,3,"Clover","Sit",217,"Rob"
"159",13,12,5,2,"Cage","Sit",7,4,"Cage","Sit",3,0,"Cage","Sit",217,"Rob"
"160",13,11,18,1,"Cage","Sit",14,5,"Cage","Sit",3,5,"Grass","Sit",217,"Rob"
"161",13,9,18,6,"Cage","Sit",NA,NA,"","",17,1,"Cage","Sit",217,"Rob"
"162",13,6,17,0,"Cage","Walk",11,0,"Cage","Walk",17,2,"Cage","Sit",217,"Rob"
"163",13,14,17,6,"Cage","Sit",17,6,"Cage","Sit",17,3,"Cage","Sit",217,"Rob"
"164",13,8,18,5,"Cage","Sit",18,5,"Cage","Walk",17,3,"Cage","Sit",217,"Rob"
"165",13,7,4,1,"GR","Sit",NA,NA,"","",18,0,"Cage","Sit",217,"Rob"
"166",13.5,3,11,2,"GR","Sit",4,3,"Grass","Sit",NA,NA,"","",217,"Rob"
"167",13.5,12,18,0,"Cage","Walk",7,3,"GR","Walk",NA,NA,"","",217,"Rob"
"168",13.5,15,18,5,"Cage","Sit",11,3,"GR","Sit",NA,NA,"","",217,"Rob"
"169",13.5,10,17,0,"Cage","Sit",15,2,"GR","Sit",NA,NA,"","",217,"Rob"
"170",13.5,2,14,0,"Cage","Walk",17,0,"Cage","Walk",NA,NA,"","",217,"Rob"
"171",13.5,4,18,2,"Cage","Sit",17,0,"Cage","Walk",NA,NA,"","",217,"Rob"
"172",13.5,1,17,1,"Cage","Walk",18,0,"Cage","Sit",NA,NA,"","",217,"Rob"
"173",13.5,5,18,3,"Cage","Walk",18,4,"Cage","Walk",NA,NA,"","",217,"Rob"
"174",13.5,13,17,5,"Cage","Walk",17,5,"Cage","Sit",2,3,"Clover","Sit",217,"Rob"
"175",13.5,11,18,5,"Cage","Walk",18,1,"Cage","Sit",3,5,"Grass","Sit",217,"Rob"
"176",13.5,9,17,4,"Cage","Walk",8,0,"Cage","Walk",17,1,"Cage","Sit",217,"Rob"
"177",13.5,14,17,5,"Cage","Sit",13,4,"Cage","Sit",17,3,"Cage","Sit",217,"Rob"
"178",13.5,8,18,4,"Cage","Sit",14,3,"Cage","Walk",17,3,"Cage","Sit",217,"Rob"
"179",13.5,6,14,0,"Cage","Sit",18,1,"Cage","Walk",17,2,"Cage","Sit",217,"Rob"
"180",13.5,7,6,2,"GR","Walk",NA,NA,"","",18,0,"Cage","Sit",217,"Rob"
"181",14,10,18,1,"Cage","Sit",16,0,"Cage","Sit",NA,NA,"","",217,"Rob"
"182",14,1,17,1,"Cage","Walk",17,0,"Cage","Sit",NA,NA,"","",217,"Rob"
"183",14,2,18,1,"Cage","Sit",17,0,"Cage","Sit",NA,NA,"","",217,"Rob"
"184",14,12,18,0,"Cage","Sit",17,0,"Cage","Sit",NA,NA,"","",217,"Rob"
"185",14,3,17,0,"Cage","Walk",18,2,"Cage","Sit",NA,NA,"","",217,"Rob"
"186",14,5,18,5,"Cage","Sit",18,5,"Cage","Walk",NA,NA,"","",217,"Rob"
"187",14,15,18,3,"Cage","Walk",18,6,"Cage","Walk",NA,NA,"","",217,"Rob"
"188",14,4,18,0,"Cage","Sit",18,3,"Cage","Walk",NA,NA,"","",217,"Rob"
"189",14,13,17,6,"Cage","Walk",17,5,"Cage","Sit",2,3,"Clover","Sit",217,"Rob"
"190",14,11,12,4,"Cage","Sit",NA,NA,"","",3,5,"Grass","Sit",217,"Rob"
"191",14,9,18,0,"Cage","Walk",NA,NA,"","",17,1,"Cage","Sit",217,"Rob"
"192",14,6,16,0,"Cage","Sit",7,3,"Cage","Sit",17,2,"Cage","Sit",217,"Rob"
"193",14,14,17,3,"Cage","Sit",12,3,"GR","Sit",17,3,"Cage","Sit",217,"Rob"
"194",14,8,18,3,"Cage","Walk",18,4,"Cage","Walk",17,3,"Cage","Sit",217,"Rob"
"195",14,7,7,4,"Grass","Sit",NA,NA,"","",18,0,"Cage","Sit",217,"Rob"
"196",14.5,3,18,1,"Cage","Walk",7,1,"Cage","Hop",NA,NA,"","",217,"Rob"
"197",14.5,10,16,0,"Cage","Sit",17,2,"Cage","Sit",NA,NA,"","",217,"Rob"
"198",14.5,4,16,3,"Cage","Sit",17,0,"Cage","Sit",NA,NA,"","",217,"Rob"
"199",14.5,2,18,1,"Cage","Sit",17,0,"Cage","Sit",NA,NA,"","",217,"Rob"
"200",14.5,15,17,5,"Cage","Walk",18,1,"Cage","Sit",NA,NA,"","",217,"Rob"
"201",14.5,1,17,0,"Cage","Sit",18,1,"Cage","Walk",NA,NA,"","",217,"Rob"
"202",14.5,5,18,5,"Cage","Sit",18,5,"Cage","Sit",NA,NA,"","",217,"Rob"
"203",14.5,12,18,0,"Cage","Walk",18,3,"Cage","Walk",NA,NA,"","",217,"Rob"
"204",14.5,13,17,6,"Cage","Sit",17,5,"Cage","Sit",2,3,"Clover","Sit",217,"Rob"
"205",14.5,11,18,3,"Cage","Sit",13,3,"Cage","Sit",3,5,"Grass","Sit",217,"Rob"
"206",14.5,6,17,0,"Cage","Sit",8,3,"GR","Sit",17,2,"Cage","Sit",217,"Rob"
"207",14.5,14,18,6,"Cage","Walk",12,2,"GR","Sit",17,3,"Cage","Sit",217,"Rob"
"208",14.5,9,18,5,"Cage","Walk",12,2,"GR","Sit",17,1,"Cage","Sit",217,"Rob"
"209",14.5,8,18,5,"Cage","Walk",18,5,"Cage","Walk",17,3,"Cage","Sit",217,"Rob"
"210",14.5,7,17,5,"Cage","Sit",NA,NA,"","",18,0,"Cage","Sit",217,"Rob"
"211",15,4,18,0,"Cage","Sit",8,3,"GR","Eat",NA,NA,"","",217,"Rob"
"212",15,3,12,1,"Cage","Sit",12,2,"Cage","Walk",NA,NA,"","",217,"Rob"
"213",15,12,17,6,"Cage","Sit",12,1,"Cage","Walk",NA,NA,"","",217,"Rob"
"214",15,15,17,2,"Cage","Walk",14,1,"Cage","Sit",NA,NA,"","",217,"Rob"
"215",15,10,18,1,"Cage","Sit",14,2,"Cage","Sit",NA,NA,"","",217,"Rob"
"216",15,1,17,0,"Cage","Sit",18,1,"Cage","Sit",NA,NA,"","",217,"Rob"
"217",15,5,18,5,"Cage","Sit",18,5,"Cage","Sit",NA,NA,"","",217,"Rob"
"218",15,2,18,1,"Cage","Sit",18,1,"Cage","Walk",NA,NA,"","",217,"Rob"
"219",15,13,17,5,"Cage","Sit",17,6,"Cage","Sit",2,3,"Clover","Sit",217,"Rob"
"220",15,11,12,3,"Cage","Walk",18,3,"Cage","Sit",3,5,"Grass","Sit",217,"Rob"
"221",15,6,17,0,"Cage","Sit",7,3,"Herb","Sit",17,2,"Cage","Sit",217,"Rob"
"222",15,14,16,5,"Cage","Sit",10,3,"GR","Sit",17,3,"Cage","Sit",217,"Rob"
"223",15,9,12,4,"Cage","Walk",18,4,"Cage","Sit",17,1,"Cage","Sit",217,"Rob"
"224",15,8,18,4,"Cage","Sit",18,4,"Cage","Walk",17,3,"Cage","Sit",217,"Rob"
"225",15,7,17,0,"Cage","Sit",NA,NA,"","",18,0,"Cage","Sit",217,"Rob"
"226",15.5,12,17,3,"Cage","Walk",8,3,"GR","Sit",NA,NA,"","",217,"Rob"
"227",15.5,15,18,5,"Cage","Walk",9,3,"GR","Eat",NA,NA,"","",217,"Rob"
"228",15.5,3,18,1,"Cage","Walk",16,2,"Cage","Sit",NA,NA,"","",217,"Rob"
"229",15.5,10,15,2,"Cage","Sit",18,1,"Cage","Sit",NA,NA,"","",217,"Rob"
"230",15.5,1,17,0,"Cage","Sit",18,1,"Cage","Sit",NA,NA,"","",217,"Rob"
"231",15.5,4,17,0,"Cage","Sit",18,0,"Cage","Sit",NA,NA,"","",217,"Rob"
"232",15.5,2,17,1,"Cage","Sit",18,1,"Cage","Sit",NA,NA,"","",217,"Rob"
"233",15.5,5,18,5,"Cage","Sit",18,5,"Cage","Sit",NA,NA,"","",217,"Rob"
"234",15.5,13,18,2,"Cage","Sit",17,5,"Cage","Sit",2,3,"Clover","Sit",217,"Rob"
"235",15.5,11,18,3,"Cage","Sit",17,1,"Cage","Walk",3,5,"Grass","Sit",217,"Rob"
"236",15.5,6,17,0,"Cage","Sit",7,3,"Herb","Sit",17,2,"Cage","Sit",217,"Rob"
"237",15.5,9,18,5,"Cage","Walk",13,6,"Cage","Sit",17,1,"Cage","Sit",217,"Rob"
"238",15.5,8,18,4,"Cage","Sit",16,5,"QAL","Eat",17,3,"Cage","Sit",217,"Rob"
"239",15.5,14,12,3,"GR","Sit",18,5,"Cage","Sit",17,3,"Cage","Sit",217,"Rob"
"240",15.5,7,17,2,"Cage","Sit",NA,NA,"","",18,0,"Cage","Sit",217,"Rob"
"241",16,10,15,2,"Cage","Sit",3,2,"Grass","Sit",NA,NA,"","",217,"Rob"
"242",16,12,11,2,"Cage","Sit",7,2,"Cage","Sit",NA,NA,"","",217,"Rob"
"243",16,15,11,3,"GR","Eat",10,3,"GR","Eat",NA,NA,"","",217,"Rob"
"244",16,2,18,1,"Cage","Sit",11,6,"Cage","Sit",NA,NA,"","",217,"Rob"
"245",16,5,18,4,"Cage","Sit",17,5,"Cage","Sit",NA,NA,"","",217,"Rob"
"246",16,4,6,3,"Cage","Walk",18,0,"Cage","Sit",NA,NA,"","",217,"Rob"
"247",16,1,17,0,"Cage","Sit",18,1,"Cage","Sit",NA,NA,"","",217,"Rob"
"248",16,3,18,1,"Cage","Sit",18,5,"Cage","Walk",NA,NA,"","",217,"Rob"
"249",16,13,18,5,"Cage","Walk",18,5,"Cage","Sit",2,3,"Clover","Sit",217,"Rob"
"250",16,11,18,3,"Cage","Sit",10,3,"Cage","Sit",3,5,"Grass","Sit",217,"Rob"
"251",16,14,12,3,"GR","Sit",NA,NA,"","",17,3,"Cage","Sit",217,"Rob"
"252",16,6,17,0,"Cage","Sit",7,3,"Herb","Sit",17,2,"Cage","Sit",217,"Rob"
"253",16,8,18,3,"Cage","Sit",16,5,"QAL","Eat",17,3,"Cage","Sit",217,"Rob"
"254",16,9,18,3,"Cage","Walk",17,6,"Cage","Sit",17,1,"Cage","Sit",217,"Rob"
"255",16,7,17,4,"Cage","Walk",NA,NA,"","",18,0,"Cage","Sit",217,"Rob"
"256",16.5,10,12,2,"GR","Eat",4,1,"Grass","Sit",NA,NA,"","",217,"Rob"
"257",16.5,3,17,1,"Cage","Walk",4,4,"Grass","Sit",NA,NA,"","",217,"Rob"
"258",16.5,15,10,3,"GR","Sit",6,3,"GR","Sit",NA,NA,"","",217,"Rob"
"259",16.5,4,17,1,"Cage","Sit",6,4,"Cage","Sit",NA,NA,"","",217,"Rob"
"260",16.5,12,8,3,"GR","Sit",11,3,"GR","Sit",NA,NA,"","",217,"Rob"
"261",16.5,2,18,1,"Cage","Sit",12,5,"Cage","Sit",NA,NA,"","",217,"Rob"
"262",16.5,1,17,0,"Cage","Sit",18,2,"Cage","Sit",NA,NA,"","",217,"Rob"
"263",16.5,5,18,4,"Cage","Sit",18,6,"Cage","Sit",NA,NA,"","",217,"Rob"
"264",16.5,13,17,5,"Cage","Sit",8,3,"GR","Eat",2,3,"Clover","Sit",217,"Rob"
"265",16.5,11,18,3,"Cage","Sit",6,3,"Cage","Sit",3,5,"Grass","Sit",217,"Rob"
"266",16.5,6,17,0,"Cage","Sit",7,3,"Herb","Sit",17,2,"Cage","Sit",217,"Rob"
"267",16.5,14,14,4,"Cage","Sit",13,3,"Cage","Sit",17,3,"Cage","Sit",217,"Rob"
"268",16.5,9,14,1,"GR","Eat",17,6,"Cage","Walk",17,1,"Cage","Sit",217,"Rob"
"269",16.5,8,18,3,"Cage","Sit",18,1,"Cage","Walk",17,3,"Cage","Sit",217,"Rob"
"270",16.5,7,7,4,"Grass","Eat",NA,NA,"","",18,0,"Cage","Sit",217,"Rob"
"271",17,10,12,3,"GR","Sit",NA,NA,"","",NA,NA,"","",217,"Rob"
"272",17,4,17,0,"Cage","Sit",3,4,"Grass","Hop",NA,NA,"","",217,"Rob"
"273",17,12,11,3,"GR","Sit",8,3,"GR","Sit",NA,NA,"","",217,"Rob"
"274",17,15,9,3,"GR","Walk",10,3,"GR","Sit",NA,NA,"","",217,"Rob"
"275",17,2,18,1,"Cage","Sit",12,5,"GR","Eat",NA,NA,"","",217,"Rob"
"276",17,3,18,4,"Cage","Sit",14,0,"Cage","Sit",NA,NA,"","",217,"Rob"
"277",17,5,17,5,"Cage","Sit",18,6,"Cage","Sit",NA,NA,"","",217,"Rob"
"278",17,1,17,0,"Cage","Sit",18,1,"Cage","Sit",NA,NA,"","",217,"Rob"
"279",17,13,17,5,"Cage","Sit",7,3,"GR","Sit",2,3,"Clover","Sit",217,"Rob"
"280",17,11,18,3,"Cage","Sit",7,2,"Cage","Sit",2,5,"Grass","Sit",217,"Rob"
"281",17,9,14,2,"GR","Sit",NA,NA,"","",17,1,"Cage","Sit",217,"Rob"
"282",17,14,14,4,"Cage","Sit",13,3,"Cage","Sit",17,3,"Cage","Sit",217,"Rob"
"283",17,6,7,3,"Herb","Sit",17,0,"Cage","Sit",17,2,"Cage","Sit",217,"Rob"
"284",17,8,17,6,"Cage","Sit",18,4,"Cage","Sit",17,3,"Cage","Sit",217,"Rob"
"285",17,7,6,4,"Grass","Eat",NA,NA,"","",18,0,"Cage","Sit",217,"Rob"
"286",17.5,10,12,2,"GR","Sit",NA,NA,"","",NA,NA,"","",217,"Rob"
"287",17.5,1,17,1,"Cage","Sit",NA,NA,"","",NA,NA,"","",217,"Rob"
"288",17.5,4,9,4,"GR","Eat",4,2,"Cage","Hop",NA,NA,"","",217,"Rob"
"289",17.5,3,16,1,"Cage","Sit",5,2,"GR","Sit",NA,NA,"","",217,"Rob"
"290",17.5,12,11,3,"GR","Sit",8,3,"GR","Sit",NA,NA,"","",217,"Rob"
"291",17.5,15,9,3,"GR","Sit",10,3,"GR","Sit",NA,NA,"","",217,"Rob"
"292",17.5,5,18,5,"Cage","Sit",18,6,"Cage","Sit",NA,NA,"","",217,"Rob"
"293",17.5,2,18,1,"Cage","Sit",18,2,"Cage","Sit",NA,NA,"","",217,"Rob"
"294",17.5,13,17,5,"Cage","Sit",7,2,"GR","Sit",2,3,"Clover","Sit",217,"Rob"
"295",17.5,11,18,3,"Cage","Sit",4,3,"Herb","Hop",3,5,"Grass","Sit",217,"Rob"
"296",17.5,6,17,0,"Cage","Sit",7,3,"Herb","Sit",17,2,"Cage","Sit",217,"Rob"
"297",17.5,14,12,2,"GR","Eat",12,3,"Cage","Sit",17,3,"Cage","Sit",217,"Rob"
"298",17.5,9,6,6,"Cage","Sit",13,2,"GR","Sit",17,1,"Cage","Sit",217,"Rob"
"299",17.5,8,17,6,"Cage","Sit",18,5,"Cage","Sit",17,3,"Cage","Sit",217,"Rob"
"300",17.5,7,6,4,"Cage","Sit",NA,NA,"","",18,0,"Cage","Sit",217,"Rob"
"301",18,10,12,2,"GR","Sit",NA,NA,"","",NA,NA,"","",217,"Rob"
"302",18,4,9,3,"GR","Sit",4,4,"GR","Eat",NA,NA,"","",217,"Rob"
"303",18,3,11,3,"GR","Eat",8,2,"GR","Eat",NA,NA,"","",217,"Rob"
"304",18,12,11,3,"GR","Sit",8,3,"GR","Sit",NA,NA,"","",217,"Rob"
"305",18,5,18,5,"Cage","Sit",8,4,"Grass","Eat",NA,NA,"","",217,"Rob"
"306",18,15,9,3,"GR","Sit",9,3,"GR","Sit",NA,NA,"","",217,"Rob"
"307",18,1,17,0,"Cage","Sit",17,0,"Cage","Sit",NA,NA,"","",217,"Rob"
"308",18,2,18,1,"Cage","Sit",17,0,"Cage","Sit",NA,NA,"","",217,"Rob"
"309",18,13,17,5,"Cage","Sit",7,2,"GR","Sit",2,3,"Clover","Sit",217,"Rob"
"310",18,11,18,3,"Cage","Sit",3,3,"Herb","Sit",3,5,"Grass","Sit",217,"Rob"
"311",18,9,13,2,"GR","Sit",NA,NA,"","",17,1,"Cage","Sit",217,"Rob"
"312",18,6,17,0,"Cage","Sit",7,3,"Herb","Sit",17,2,"Cage","Sit",217,"Rob"
"313",18,14,11,2,"GR","Eat",12,2,"GR","Eat",17,3,"Cage","Sit",217,"Rob"
"314",18,8,17,6,"Cage","Sit",18,5,"Cage","Sit",17,3,"Cage","Sit",217,"Rob"
"315",18,7,6,4,"Cage","Sit",NA,NA,"","",18,0,"Cage","Sit",217,"Rob"
"316",18.5,10,12,2,"GR","Sit",NA,NA,"","",NA,NA,"","",217,"Rob"
"317",18.5,4,8,4,"GR","Sit",5,4,"Cage","Sit",NA,NA,"","",217,"Rob"
"318",18.5,5,17,1,"Cage","Sit",7,2,"GR","Sit",NA,NA,"","",217,"Rob"
"319",18.5,3,11,2,"Cage","Sit",8,2,"GR","Sit",NA,NA,"","",217,"Rob"
"320",18.5,12,11,3,"GR","Sit",8,3,"GR","Sit",NA,NA,"","",217,"Rob"
"321",18.5,15,9,3,"GR","Sit",9,3,"GR","Sit",NA,NA,"","",217,"Rob"
"322",18.5,1,17,0,"Cage","Sit",17,0,"Cage","Sit",NA,NA,"","",217,"Rob"
"323",18.5,2,18,1,"Cage","Sit",18,0,"Cage","Sit",NA,NA,"","",217,"Rob"
"324",18.5,13,17,5,"Cage","Sit",7,3,"Grass","Eat",2,3,"Clover","Sit",217,"Rob"
"325",18.5,11,3,3,"Grass","Sit",18,3,"Cage","Sit",3,5,"Grass","Sit",217,"Rob"
"326",18.5,9,13,2,"GR","Sit",NA,NA,"","",17,1,"Cage","Sit",217,"Rob"
"327",18.5,6,17,0,"Cage","Sit",7,3,"GR","Eat",17,3,"Cage","Sit",217,"Rob"
"328",18.5,14,10,2,"GR","Sit",13,2,"Cage","Sit",17,3,"Cage","Sit",217,"Rob"
"329",18.5,8,17,6,"Cage","Sit",17,4,"Cage","Walk",17,3,"Cage","Sit",217,"Rob"
"330",18.5,7,7,4,"Cage","Sit",NA,NA,"","",18,0,"Cage","Sit",217,"Rob"
"331",19,10,12,2,"GR","Sit",NA,NA,"","",NA,NA,"","",217,"Rob"
"332",19,1,17,0,"Cage","Sit",NA,NA,"","",NA,NA,"","",217,"Rob"
"333",19,4,6,4,"GR","Sit",3,3,"Herb","Eat",NA,NA,"","",217,"Rob"
"334",19,3,10,3,"GR","Sit",8,2,"GR","Sit",NA,NA,"","",217,"Rob"
"335",19,5,15,2,"Cage","Sit",8,2,"Cage","Sit",NA,NA,"","",217,"Rob"
"336",19,15,10,3,"GR","Sit",9,3,"GR","Sit",NA,NA,"","",217,"Rob"
"337",19,12,8,3,"GR","Sit",11,3,"GR","Sit",NA,NA,"","",217,"Rob"
"338",19,2,18,1,"Cage","Sit",18,0,"Cage","Sit",NA,NA,"","",217,"Rob"
"339",19,13,17,5,"Cage","Sit",4,4,"Herb","Sit",2,2,"Clover","Sit",217,"Rob"
"340",19,11,18,3,"Cage","Sit",NA,NA,"","",3,5,"Grass","Sit",217,"Rob"
"341",19,9,13,2,"GR","Sit",NA,NA,"","",17,1,"Cage","Sit",217,"Rob"
"342",19,14,13,2,"Cage","Sit",10,2,"GR","Sit",17,3,"Cage","Sit",217,"Rob"
"343",19,6,17,0,"Cage","Sit",11,3,"GR","Sit",17,2,"Cage","Sit",217,"Rob"
"344",19,8,18,3,"Cage","Sit",17,6,"Cage","Sit",17,3,"Cage","Sit",217,"Rob"
"345",19,7,6,4,"Cage","Sit",NA,NA,"","",18,0,"Cage","Sit",217,"Rob"
"346",19.5,5,8,2,"GR","Sit",NA,NA,"","",NA,NA,"","",217,"Rob"
"347",19.5,10,12,2,"GR","Sit",NA,NA,"","",NA,NA,"","",217,"Rob"
"348",19.5,1,17,0,"Cage","Sit",NA,NA,"","",NA,NA,"","",217,"Rob"
"349",19.5,2,18,1,"Cage","Sit",NA,NA,"","",NA,NA,"","",217,"Rob"
"350",19.5,4,6,4,"GR","Eat",4,4,"GR","Sit",NA,NA,"","",217,"Rob"
"351",19.5,15,9,3,"GR","Eat",7,3,"GR","Eat",NA,NA,"","",217,"Rob"
"352",19.5,3,10,3,"GR","Sit",8,2,"GR","Eat",NA,NA,"","",217,"Rob"
"353",19.5,12,8,3,"GR","Eat",10,3,"GR","Eat",NA,NA,"","",217,"Rob"
"354",19.5,13,17,5,"Cage","Sit",5,4,"Cage","Sit",2,3,"Cage","Sit",217,"Rob"
"355",19.5,11,18,3,"Cage","Sit",NA,NA,"","",3,5,"Grass","Sit",217,"Rob"
"356",19.5,9,13,2,"GR","Eat",NA,NA,"","",17,1,"Cage","Sit",217,"Rob"
"357",19.5,6,17,0,"Cage","Sit",7,3,"GR","Sit",17,2,"Cage","Sit",217,"Rob"
"358",19.5,14,10,2,"GR","Sit",13,2,"GR","Eat",17,3,"Cage","Sit",217,"Rob"
"359",19.5,8,17,5,"Cage","Sit",18,4,"Cage","Sit",17,3,"Cage","Sit",217,"Rob"
"360",19.5,7,6,4,"Cage","Sit",NA,NA,"","",18,0,"Cage","Sit",217,"Rob"
"361",20,12,NA,NA,"","",NA,NA,"","",NA,NA,"","",217,"Rob"
"362",20,10,12,2,"GR","Sit",NA,NA,"","",NA,NA,"","",217,"Rob"
"363",20,4,7,4,"GR","Eat",7,4,"GR","Sit",NA,NA,"","",217,"Rob"
"364",20,15,10,3,"GR","Sit",7,2,"GR","Eat",NA,NA,"","",217,"Rob"
"365",20,3,10,3,"GR","Walk",9,2,"GR","Eat",NA,NA,"","",217,"Rob"
"366",20,5,8,2,"GR","Sit",11,3,"Cage","Hop",NA,NA,"","",217,"Rob"
"367",20,11,18,3,"Cage","Sit",11,0,"Cage","Sit",NA,NA,"","",217,"Rob"
"368",20,2,18,1,"Cage","Sit",11,5,"GR","Sit",NA,NA,"","",217,"Rob"
"369",20,1,17,0,"Cage","Sit",17,0,"Cage","Sit",NA,NA,"","",217,"Rob"
"370",20,13,17,5,"Cage","Sit",NA,NA,"","",2,3,"Clover","Sit",217,"Rob"
"371",20,9,14,2,"GR","Sit",NA,NA,"","",17,1,"Cage","Sit",217,"Rob"
"372",20,6,17,0,"Cage","Sit",NA,NA,"","",17,0,"Cage","Sit",217,"Rob"
"373",20,14,13,2,"GR","Eat",9,2,"GR","Sit",17,3,"Cage","Sit",217,"Rob"
"374",20,8,18,3,"Cage","Sit",17,5,"Cage","Sit",17,3,"Cage","Sit",217,"Rob"
"375",20,7,6,5,"Grass","Eat",NA,NA,"","",18,0,"Cage","Sit",217,"Rob"
"751",8,7,NA,NA,"","",NA,NA,"","",NA,NA,"","",218,"Rob"
"752",8,14,9,2,"Cage","Sit",NA,NA,"","",NA,NA,"","",218,"Rob"
"753",8,10,11,2,"GR","Sit",NA,NA,"","",NA,NA,"","",218,"Rob"
"754",8,5,17,3,"Cage","Sit",NA,NA,"","",NA,NA,"","",218,"Rob"
"755",8,11,17,3,"Cage","Sit",NA,NA,"","",NA,NA,"","",218,"Rob"
"756",8,4,18,0,"Cage","Sit",4,4,"GR","Sit",NA,NA,"","",218,"Rob"
"757",8,2,18,0,"Cage","Sit",5,6,"Cage","Sit",NA,NA,"","",218,"Rob"
"758",8,15,9,3,"GR","Sit",7,3,"GR","Sit",NA,NA,"","",218,"Rob"
"759",8,13,17,1,"Cage","Sit",8,0,"Grass","Sit",NA,NA,"","",218,"Rob"
"760",8,12,11,3,"GR","Sit",16,3,"Cage","Walk",NA,NA,"","",218,"Rob"
"761",8,3,16,0,"Cage","Sit",18,0,"Cage","Walk",NA,NA,"","",218,"Rob"
"762",8,1,17,0,"Cage","Sit",18,1,"Cage","Sit",NA,NA,"","",218,"Rob"
"763",8,6,6,3,"GR","Sit",NA,NA,"","",17,6,"Cage","Sit",218,"Rob"
"764",8,9,16,2,"GR","Eat",NA,NA,"","",17,1,"Cage","Sit",218,"Rob"
"765",8,8,15,2,"Cage","Sit",10,2,"QAL","Walk",17,1,"Cage","Sit",218,"Rob"
"766",8.5,7,11,2,"Cage","Sit",NA,NA,"","",NA,NA,"","",218,"Rob"
"767",8.5,11,16,5,"Cage","Sit",NA,NA,"","",NA,NA,"","",218,"Rob"
"768",8.5,15,17,6,"Cage","Sit",NA,NA,"","",NA,NA,"","",218,"Rob"
"769",8.5,2,18,2,"Cage","Walk",3,3,"Cage","Walk",NA,NA,"","",218,"Rob"
"770",8.5,3,17,6,"Cage","Sit",4,1,"Herb","Sit",NA,NA,"","",218,"Rob"
"771",8.5,10,11,2,"GR","Sit",6,0,"Cage","Sit",NA,NA,"","",218,"Rob"
"772",8.5,5,10,3,"Cage","Sit",9,2,"GR","Sit",NA,NA,"","",218,"Rob"
"773",8.5,13,17,5,"Cage","Sit",10,0,"Cage","Sit",NA,NA,"","",218,"Rob"
"774",8.5,12,18,0,"Cage","Sit",10,3,"GR","Sit",NA,NA,"","",218,"Rob"
"775",8.5,14,9,2,"Grass","Sit",12,6,"Cage","Sit",NA,NA,"","",218,"Rob"
"776",8.5,1,17,1,"Cage","Walk",17,3,"Cage","Sit",NA,NA,"","",218,"Rob"
"777",8.5,4,4,2,"Cage","Sit",18,0,"Cage","Walk",NA,NA,"","",218,"Rob"
"778",8.5,6,NA,NA,"","",NA,NA,"","",17,6,"Cage","Sit",218,"Rob"
"779",8.5,9,15,2,"GR","Sit",NA,NA,"","",17,1,"Cage","Sit",218,"Rob"
"780",8.5,8,12,1,"Cage","Walk",12,2,"QAL","Walk",17,1,"Cage","Sit",218,"Rob"
"781",9,7,NA,NA,"","",NA,NA,"","",NA,NA,"","",218,"Rob"
"782",9,5,7,1,"Grass","Sit",NA,NA,"","",NA,NA,"","",218,"Rob"
"783",9,11,17,2,"Cage","Sit",NA,NA,"","",NA,NA,"","",218,"Rob"
"784",9,4,8,6,"Cage","Hop",3,3,"Cage","Sit",NA,NA,"","",218,"Rob"
"785",9,3,15,1,"Cage","Sit",5,4,"Grass","Eat",NA,NA,"","",218,"Rob"
"786",9,15,17,5,"Cage","Walk",7,3,"GR","Sit",NA,NA,"","",218,"Rob"
"787",9,14,17,6,"Cage","Sit",8,3,"Grass","Sit",NA,NA,"","",218,"Rob"
"788",9,2,17,0,"Cage","Sit",8,5,"Cage","Walk",NA,NA,"","",218,"Rob"
"789",9,10,17,0,"Cage","Sit",12,3,"GR","Sit",NA,NA,"","",218,"Rob"
"790",9,13,18,5,"Cage","Sit",16,4,"Cage","Sit",NA,NA,"","",218,"Rob"
"791",9,1,18,1,"Cage","Walk",17,0,"Cage","Sit",NA,NA,"","",218,"Rob"
"792",9,12,18,3,"Cage","Sit",10,3,"GR","Sit",3,0,"Cage","Sit",218,"Rob"
"793",9,6,2,2,"Cage","Sit",NA,NA,"","",17,6,"Cage","Sit",218,"Rob"
"794",9,9,14,2,"Cage","Sit",NA,NA,"","",17,1,"Cage","Sit",218,"Rob"
"795",9,8,17,4,"Cage","Walk",13,3,"Cage","Walk",17,0,"Cage","Sit",218,"Rob"
"796",9.5,1,NA,NA,"","",NA,NA,"","",NA,NA,"","",218,"Rob"
"797",9.5,3,NA,NA,"","",NA,NA,"","",NA,NA,"","",218,"Rob"
"798",9.5,4,NA,NA,"","",NA,NA,"","",NA,NA,"","",218,"Rob"
"799",9.5,2,NA,NA,"","",NA,NA,"","",NA,NA,"","",218,"Rob"
"800",9.5,7,7,3,"Grass","Sit",NA,NA,"","",NA,NA,"","",218,"Rob"
"801",9.5,5,17,2,"Cage","Walk",5,3,"Grass","Sit",NA,NA,"","",218,"Rob"
"802",9.5,14,18,4,"Cage","Sit",10,3,"Cage","Sit",NA,NA,"","",218,"Rob"
"803",9.5,10,18,1,"Cage","Sit",15,2,"Cage","Sit",NA,NA,"","",218,"Rob"
"804",9.5,11,17,4,"Cage","Sit",5,0,"Cage","Sit",2,5,"Grass","Sit",218,"Rob"
"805",9.5,13,18,5,"Cage","Sit",18,5,"Cage","Sit",2,3,"Grass","Sit",218,"Rob"
"806",9.5,12,18,0,"Cage","Sit",8,4,"Cage","Sit",3,0,"Herb","Sit",218,"Rob"
"807",9.5,15,17,1,"Cage","Walk",9,3,"Cage","Sit",3,2,"Grass","Sit",218,"Rob"
"808",9.5,6,2,2,"Cage","Sit",NA,NA,"","",17,5,"Cage","Sit",218,"Rob"
"809",9.5,9,16,1,"Cage","Sit",NA,NA,"","",17,1,"Cage","Attack",218,"Rob"
"810",9.5,8,16,5,"QAL","Eat",18,5,"Cage","Walk",17,0,"Cage","Sit",218,"Rob"
"811",10,1,2,0,"Grass","Sit",NA,NA,"","",NA,NA,"","",218,"Rob"
"812",10,7,5,4,"Grass","Sit",NA,NA,"","",NA,NA,"","",218,"Rob"
"813",10,14,18,0,"Cage","Walk",NA,NA,"","",NA,NA,"","",218,"Rob"
"814",10,2,18,1,"Cage","Sit",NA,NA,"","",NA,NA,"","",218,"Rob"
"815",10,4,10,3,"Cage","Sit",3,3,"Cage","Sit",NA,NA,"","",218,"Rob"
"816",10,3,18,2,"Cage","Walk",3,3,"Grass","Sit",NA,NA,"","",218,"Rob"
"817",10,15,17,2,"Cage","Walk",9,3,"Cage","Sit",NA,NA,"","",218,"Rob"
"818",10,5,7,4,"Grass","Sit",18,1,"Cage","Sit",NA,NA,"","",218,"Rob"
"819",10,10,18,1,"Cage","Sit",18,0,"Cage","Walk",NA,NA,"","",218,"Rob"
"820",10,11,18,1,"Cage","Walk",4,2,"Herb","Sit",2,5,"Grass","Sit",218,"Rob"
"821",10,13,18,5,"Cage","Walk",18,3,"Cage","Walk",2,3,"Grass","Sit",218,"Rob"
"822",10,12,9,3,"Cage","Sit",NA,NA,"","",3,0,"Herb","Sit",218,"Rob"
"823",10,9,18,5,"Cage","Walk",NA,NA,"","",17,1,"Cage","Sit",218,"Rob"
"824",10,6,2,3,"Cage","Sit",5,2,"GR","Sit",17,5,"Cage","Sit",218,"Rob"
"825",10,8,18,5,"Cage","Sit",18,6,"Cage","Walk",17,0,"Cage","Sit",218,"Rob"
"826",10.5,7,NA,NA,"","",NA,NA,"","",NA,NA,"","",218,"Rob"
"827",10.5,4,3,1,"Cage","Walk",NA,NA,"","",NA,NA,"","",218,"Rob"
"828",10.5,2,18,1,"Cage","Sit",2,3,"Cage","Sit",NA,NA,"","",218,"Rob"
"829",10.5,1,17,1,"Cage","Walk",4,1,"Cage","Sit",NA,NA,"","",218,"Rob"
"830",10.5,5,18,2,"Cage","Walk",6,NA,"Grass","Walk",NA,NA,"","",218,"Rob"
"831",10.5,14,18,5,"Cage","Walk",12,3,"Cage","Sit",NA,NA,"","",218,"Rob"
"832",10.5,10,17,3,"Cage","Sit",17,4,"Cage","Sit",NA,NA,"","",218,"Rob"
"833",10.5,3,18,1,"Cage","Walk",18,6,"Cage","Sit",NA,NA,"","",218,"Rob"
"834",10.5,11,17,1,"Cage","Sit",4,2,"Herb","Sit",2,5,"Grass","Sit",218,"Rob"
"835",10.5,13,17,5,"Cage","Sit",18,5,"Cage","Sit",2,3,"Grass","Sit",218,"Rob"
"836",10.5,12,7,3,"GR","Sit",NA,NA,"","",3,0,"Herb","Sit",218,"Rob"
"837",10.5,15,17,2,"Cage","Sit",9,3,"Cage","Sit",3,3,"Grass","Sit",218,"Rob"
"838",10.5,9,18,3,"Cage","Walk",NA,NA,"","",17,1,"Cage","Sit",218,"Rob"
"839",10.5,6,16,0,"Cage","Walk",6,0,"Cage","Walk",17,5,"Cage","Sit",218,"Rob"
"840",10.5,8,18,5,"Cage","Sit",18,5,"Cage","Sit",17,0,"Cage","Sit",218,"Rob"
"841",11,2,2,1,"Grass","Hop",NA,NA,"","",NA,NA,"","",218,"Rob"
"842",11,7,10,5,"Cage","Sit",NA,NA,"","",NA,NA,"","",218,"Rob"
"843",11,5,18,5,"Cage","Walk",8,3,"GR","Sit",NA,NA,"","",218,"Rob"
"844",11,4,10,3,"Cage","Sit",9,1,"Cage","Sit",NA,NA,"","",218,"Rob"
"845",11,3,18,1,"Cage","Walk",11,2,"GR","Eat",NA,NA,"","",218,"Rob"
"846",11,14,9,3,"GR","Eat",13,3,"Cage","Sit",NA,NA,"","",218,"Rob"
"847",11,10,18,0,"Cage","Sit",15,3,"Cage","Sit",NA,NA,"","",218,"Rob"
"848",11,1,18,0,"Cage","Walk",18,0,"Cage","Walk",NA,NA,"","",218,"Rob"
"849",11,11,18,5,"Cage","Sit",NA,NA,"","",2,5,"Grass","Sit",218,"Rob"
"850",11,15,18,2,"Cage","Sit",11,3,"GR","Sit",2,3,"GR","Sit",218,"Rob"
"851",11,13,18,5,"Cage","Sit",17,5,"Cage","Sit",2,3,"Grass","Sit",218,"Rob"
"852",11,12,12,2,"Cage","Sit",6,3,"GR","Sit",3,0,"Cage","Sit",218,"Rob"
"853",11,9,18,4,"Cage","Walk",NA,NA,"","",17,1,"Cage","Sit",218,"Rob"
"854",11,6,16,1,"Cage","Sit",17,2,"Cage","Walk",17,5,"Cage","Sit",218,"Rob"
"855",11,8,17,5,"QAL","Eat",17,5,"Cage","Walk",17,1,"Cage","Sit",218,"Rob"
"856",11.5,2,7,2,"Cage","Sit",NA,NA,"","",NA,NA,"","",218,"Rob"
"857",11.5,7,9,3,"Grass","Eat",NA,NA,"","",NA,NA,"","",218,"Rob"
"858",11.5,10,18,0,"Cage","Sit",NA,NA,"","",NA,NA,"","",218,"Rob"
"859",11.5,3,18,4,"Cage","Walk",NA,NA,"","",NA,NA,"","",218,"Rob"
"860",11.5,4,14,1,"Cage","Sit",8,1,"Cage","Sit",NA,NA,"","",218,"Rob"
"861",11.5,1,18,1,"Cage","Sit",8,2,"Cage","Sit",NA,NA,"","",218,"Rob"
"862",11.5,14,18,6,"Cage","Walk",13,3,"GR","Eat",NA,NA,"","",218,"Rob"
"863",11.5,5,8,3,"GR","Sit",18,5,"Cage","Walk",NA,NA,"","",218,"Rob"
"864",11.5,11,18,5,"Cage","Sit",NA,NA,"","",2,5,"Grass","Sit",218,"Rob"
"865",11.5,15,18,1,"Cage","Walk",16,4,"Cage","Sit",2,3,"GR","Sit",218,"Rob"
"866",11.5,13,18,3,"Cage","Sit",18,6,"Cage","Sit",2,3,"Grass","Sit",218,"Rob"
"867",11.5,12,18,0,"Cage","Sit",18,3,"Cage","Walk",3,0,"Cage","Sit",218,"Rob"
"868",11.5,9,18,4,"Cage","Sit",NA,NA,"","",17,1,"Cage","Sit",218,"Rob"
"869",11.5,6,18,0,"Cage","Walk",17,0,"Cage","Sit",17,5,"Cage","Sit",218,"Rob"
"870",11.5,8,18,5,"Cage","Sit",18,6,"Cage","Walk",17,1,"Cage","Sit",218,"Rob"
"871",12,2,18,0,"Cage","Walk",NA,NA,"","",NA,NA,"","",218,"Rob"
"872",12,4,18,1,"Cage","Walk",6,6,"Cage","Walk",NA,NA,"","",218,"Rob"
"873",12,5,18,1,"Cage","Sit",9,2,"GR","Sit",NA,NA,"","",218,"Rob"
"874",12,10,17,0,"Cage","Sit",14,3,"Cage","Sit",NA,NA,"","",218,"Rob"
"875",12,14,18,5,"Cage","Sit",14,3,"GR","Sit",NA,NA,"","",218,"Rob"
"876",12,1,17,1,"Cage","Sit",18,2,"Cage","Sit",NA,NA,"","",218,"Rob"
"877",12,3,18,1,"Cage","Sit",18,1,"Cage","Walk",NA,NA,"","",218,"Rob"
"878",12,11,18,4,"Cage","Sit",8,5,"Cage","Sit",2,5,"Grass","Sit",218,"Rob"
"879",12,13,17,5,"Cage","Sit",17,5,"Cage","Sit",2,3,"Grass","Sit",218,"Rob"
"880",12,12,4,2,"Herb","Sit",NA,NA,"","",3,0,"Grass","Sit",218,"Rob"
"881",12,15,18,2,"Cage","Sit",18,0,"Cage","Sit",3,3,"GR","Sit",218,"Rob"
"882",12,7,8,4,"Cage","Sit",NA,NA,"","",8,4,"Grass","Sit",218,"Rob"
"883",12,9,18,6,"Cage","Walk",NA,NA,"","",17,1,"Cage","Sit",218,"Rob"
"884",12,6,12,2,"Cage","Walk",18,0,"Cage","Sit",17,5,"Cage","Sit",218,"Rob"
"885",12,8,18,5,"Cage","Sit",18,5,"Cage","Walk",17,0,"Cage","Sit",218,"Rob"
"886",12.5,1,18,1,"Cage","Sit",NA,NA,"","",NA,NA,"","",218,"Rob"
"887",12.5,2,18,0,"Cage","Sit",NA,NA,"","",NA,NA,"","",218,"Rob"
"888",12.5,4,17,1,"Cage","Walk",5,4,"GR","Eat",NA,NA,"","",218,"Rob"
"889",12.5,3,18,1,"Cage","Walk",17,1,"Cage","Walk",NA,NA,"","",218,"Rob"
"890",12.5,14,17,3,"Cage","Sit",18,5,"Cage","Sit",NA,NA,"","",218,"Rob"
"891",12.5,5,18,1,"Cage","Sit",18,3,"Cage","Sit",NA,NA,"","",218,"Rob"
"892",12.5,10,18,2,"Cage","Sit",18,3,"Cage","Sit",NA,NA,"","",218,"Rob"
"893",12.5,11,17,2,"Cage","Walk",3,2,"Cage","Sit",2,5,"Herb","Sit",218,"Rob"
"894",12.5,13,17,1,"Cage","Sit",18,5,"Cage","Sit",2,3,"Grass","Sit",218,"Rob"
"895",12.5,15,18,3,"Cage","Walk",18,4,"Cage","Sit",2,3,"GR","Sit",218,"Rob"
"896",12.5,12,17,0,"Cage","Walk",NA,NA,"","",3,0,"Cage","Sit",218,"Rob"
"897",12.5,7,18,1,"Cage","Sit",NA,NA,"","",8,4,"Grass","Sit",218,"Rob"
"898",12.5,9,18,6,"Cage","Walk",NA,NA,"","",17,1,"Cage","Sit",218,"Rob"
"899",12.5,6,18,2,"Cage","Sit",17,0,"Cage","Walk",17,5,"Cage","Sit",218,"Rob"
"900",12.5,8,16,1,"QAL","Sit",18,5,"Cage","Walk",17,1,"Cage","Sit",218,"Rob"
"901",13,2,17,0,"Cage","Sit",NA,NA,"","",NA,NA,"","",218,"Rob"
"902",13,1,18,1,"Cage","Sit",6,1,"Cage","Sit",NA,NA,"","",218,"Rob"
"903",13,4,18,0,"Cage","Walk",8,3,"Cage","Walk",NA,NA,"","",218,"Rob"
"904",13,3,18,2,"Cage","Sit",12,2,"Cage","Walk",NA,NA,"","",218,"Rob"
"905",13,10,18,4,"Cage","Sit",17,4,"Cage","Sit",NA,NA,"","",218,"Rob"
"906",13,5,18,0,"Cage","Walk",18,1,"Cage","Sit",NA,NA,"","",218,"Rob"
"907",13,14,18,6,"Cage","Walk",18,4,"Cage","Walk",NA,NA,"","",218,"Rob"
"908",13,15,18,4,"Cage","Sit",12,4,"GR","Eat",2,3,"GR","Sit",218,"Rob"
"909",13,13,17,5,"Cage","Sit",17,5,"Cage","Sit",2,3,"Grass","Sit",218,"Rob"
"910",13,11,17,2,"Cage","Sit",NA,NA,"","",3,5,"Cage","Sit",218,"Rob"
"911",13,12,8,4,"Cage","Sit",3,0,"Cage","Hop",3,0,"Cage","Sit",218,"Rob"
"912",13,7,16,3,"GR","Sit",NA,NA,"","",8,4,"Grass","Sit",218,"Rob"
"913",13,9,14,2,"GR","Eat",NA,NA,"","",17,1,"Cage","Sit",218,"Rob"
"914",13,8,16,1,"QAL","Sit",18,1,"Cage","Sit",17,0,"Cage","Sit",218,"Rob"
"915",13,6,18,0,"Cage","Sit",18,2,"Cage","Walk",17,5,"Cage","Sit",218,"Rob"
"916",13.5,2,18,2,"Cage","Sit",NA,NA,"","",NA,NA,"","",218,"Rob"
"917",13.5,5,16,1,"Cage","Sit",18,6,"Cage","Walk",NA,NA,"","",218,"Rob"
"918",13.5,14,16,5,"Cage","Sit",18,4,"Cage","Sit",NA,NA,"","",218,"Rob"
"919",13.5,1,17,0,"Cage","Sit",18,1,"Cage","Sit",NA,NA,"","",218,"Rob"
"920",13.5,4,17,0,"Cage","Sit",18,0,"Cage","Sit",NA,NA,"","",218,"Rob"
"921",13.5,10,18,1,"Cage","Sit",18,0,"Cage","Sit",NA,NA,"","",218,"Rob"
"922",13.5,3,18,2,"Cage","Walk",18,1,"Cage","Sit",NA,NA,"","",218,"Rob"
"923",13.5,11,17,2,"Cage","Sit",5,3,"GR","Sit",2,5,"Grass","Sit",218,"Rob"
"924",13.5,15,10,3,"GR","Hop",8,5,"Cage","Sit",2,3,"GR","Sit",218,"Rob"
"925",13.5,13,17,1,"Cage","Sit",17,1,"Cage","Sit",2,3,"Grass","Sit",218,"Rob"
"926",13.5,12,18,5,"Cage","Walk",12,0,"Cage","Sit",3,0,"Cage","Sit",218,"Rob"
"927",13.5,7,17,4,"Cage","Sit",NA,NA,"","",8,4,"Grass","Sit",218,"Rob"
"928",13.5,9,18,5,"Cage","Sit",NA,NA,"","",17,1,"Cage","Sit",218,"Rob"
"929",13.5,8,18,5,"Cage","Sit",18,5,"Cage","Sit",17,0,"Cage","Sit",218,"Rob"
"930",13.5,6,18,0,"Cage","Walk",18,1,"Cage","Sit",17,5,"Cage","Sit",218,"Rob"
"931",14,3,9,2,"GR","Sit",NA,NA,"","",NA,NA,"","",218,"Rob"
"932",14,14,18,6,"Cage","Walk",NA,NA,"","",NA,NA,"","",218,"Rob"
"933",14,2,17,0,"Cage","Sit",12,4,"GR","Eat",NA,NA,"","",218,"Rob"
"934",14,10,18,6,"Cage","Sit",15,2,"GR","Sit",NA,NA,"","",218,"Rob"
"935",14,5,17,1,"Cage","Sit",18,5,"Cage","Sit",NA,NA,"","",218,"Rob"
"936",14,1,17,0,"Cage","Sit",18,1,"Cage","Sit",NA,NA,"","",218,"Rob"
"937",14,4,18,0,"Cage","Walk",18,0,"Cage","Sit",NA,NA,"","",218,"Rob"
"938",14,11,17,2,"Cage","Sit",NA,NA,"","",2,5,"Grass","Sit",218,"Rob"
"939",14,15,18,6,"Cage","Sit",NA,NA,"","",2,3,"Grass","Sit",218,"Rob"
"940",14,13,18,5,"Cage","Sit",17,5,"Cage","Sit",2,3,"Grass","Sit",218,"Rob"
"941",14,12,18,1,"Cage","Sit",11,3,"GR","Sit",3,0,"Herb","Sit",218,"Rob"
"942",14,7,18,3,"Cage","Sit",NA,NA,"","",8,4,"Grass","Sit",218,"Rob"
"943",14,9,18,5,"Cage","Walk",NA,NA,"","",17,1,"Cage","Sit",218,"Rob"
"944",14,8,18,1,"Cage","Sit",17,5,"Cage","Sit",17,1,"Cage","Sit",218,"Rob"
"945",14,6,17,5,"Cage","Sit",18,3,"Cage","Walk",17,5,"Cage","Sit",218,"Rob"
"946",14.5,3,9,2,"GR","Eat",NA,NA,"","",NA,NA,"","",218,"Rob"
"947",14.5,14,16,6,"Cage","Sit",NA,NA,"","",NA,NA,"","",218,"Rob"
"948",14.5,2,18,0,"Cage","Sit",NA,NA,"","",NA,NA,"","",218,"Rob"
"949",14.5,10,18,4,"Cage","Sit",11,3,"GR","Eat",NA,NA,"","",218,"Rob"
"950",14.5,5,18,4,"Cage","Walk",17,2,"Cage","Sit",NA,NA,"","",218,"Rob"
"951",14.5,1,18,1,"Cage","Walk",17,0,"Cage","Sit",NA,NA,"","",218,"Rob"
"952",14.5,4,18,0,"Cage","Sit",18,0,"Cage","Sit",NA,NA,"","",218,"Rob"
"953",14.5,15,18,3,"Cage","Walk",NA,NA,"","",2,2,"Grass","Sit",218,"Rob"
"954",14.5,11,17,2,"Cage","Sit",4,2,"Herb","Sit",2,5,"Grass","Sit",218,"Rob"
"955",14.5,13,18,2,"Cage","Walk",17,5,"Cage","Sit",2,3,"Grass","Sit",218,"Rob"
"956",14.5,12,18,0,"Cage","Sit",12,3,"GR","Sit",3,0,"Herb","Sit",218,"Rob"
"957",14.5,7,18,4,"Cage","Sit",NA,NA,"","",8,4,"Grass","Sit",218,"Rob"
"958",14.5,9,18,5,"Cage","Sit",NA,NA,"","",17,1,"Cage","Sit",218,"Rob"
"959",14.5,6,17,4,"Cage","Sit",18,0,"Cage","Sit",17,5,"Cage","Sit",218,"Rob"
"960",14.5,8,18,2,"Cage","Sit",18,3,"Cage","Sit",17,1,"Cage","Sit",218,"Rob"
"961",15,2,18,0,"Cage","Sit",NA,NA,"","",NA,NA,"","",218,"Rob"
"962",15,4,18,0,"Cage","Sit",9,2,"Cage","Sit",NA,NA,"","",218,"Rob"
"963",15,3,7,1,"Cage","Sit",10,2,"GR","Sit",NA,NA,"","",218,"Rob"
"964",15,10,18,4,"Cage","Sit",11,3,"GR","Sit",NA,NA,"","",218,"Rob"
"965",15,14,16,2,"Cage","Sit",12,2,"GR","Eat",NA,NA,"","",218,"Rob"
"966",15,1,18,1,"Cage","Walk",17,0,"Cage","Sit",NA,NA,"","",218,"Rob"
"967",15,5,8,3,"GR","Eat",18,5,"Cage","Sit",NA,NA,"","",218,"Rob"
"968",15,11,17,2,"Cage","Sit",4,2,"Herb","Sit",2,5,"Grass","Sit",218,"Rob"
"969",15,15,16,5,"Cage","Sit",5,3,"GR","Walk",2,2,"Grass","Sit",218,"Rob"
"970",15,13,18,5,"Cage","Sit",18,2,"Cage","Sit",2,3,"Grass","Sit",218,"Rob"
"971",15,12,8,3,"GR","Sit",6,3,"GR","Walk",3,0,"Herb","Sit",218,"Rob"
"972",15,7,18,4,"Cage","Walk",NA,NA,"","",8,4,"Grass","Sit",218,"Rob"
"973",15,9,14,3,"Cage","Sit",NA,NA,"","",17,1,"Cage","Sit",218,"Rob"
"974",15,8,18,2,"Cage","Sit",12,5,"Cage","Sit",17,0,"Cage","Sit",218,"Rob"
"975",15,6,17,2,"Cage","Walk",18,6,"Cage","Sit",17,5,"Cage","Sit",218,"Rob"
"976",15.5,2,18,4,"Cage","Walk",NA,NA,"","",NA,NA,"","",218,"Rob"
"977",15.5,4,18,0,"Cage","Sit",5,3,"Cage","Sit",NA,NA,"","",218,"Rob"
"978",15.5,3,10,2,"GR","Sit",7,1,"Cage","Sit",NA,NA,"","",218,"Rob"
"979",15.5,14,16,2,"Cage","Sit",12,3,"Cage","Sit",NA,NA,"","",218,"Rob"
"980",15.5,10,18,4,"Cage","Sit",12,3,"GR","Sit",NA,NA,"","",218,"Rob"
"981",15.5,5,18,1,"Cage","Sit",16,0,"Cage","Sit",NA,NA,"","",218,"Rob"
"982",15.5,1,18,1,"Cage","Sit",17,0,"Cage","Sit",NA,NA,"","",218,"Rob"
"983",15.5,11,17,2,"Cage","Sit",4,2,"Herb","Sit",2,4,"Grass","Sit",218,"Rob"
"984",15.5,15,4,3,"Grass","Sit",6,3,"GR","Sit",2,3,"Grass","Sit",218,"Rob"
"985",15.5,13,18,4,"Cage","Walk",18,5,"Cage","Sit",2,3,"Grass","Sit",218,"Rob"
"986",15.5,12,7,3,"GR","Sit",9,0,"Cage","Hop",3,0,"Herb","Sit",218,"Rob"
"987",15.5,7,18,2,"Cage","Sit",NA,NA,"","",8,4,"Grass","Sit",218,"Rob"
"988",15.5,9,18,5,"Cage","Sit",NA,NA,"","",17,1,"Cage","Sit",218,"Rob"
"989",15.5,8,16,1,"QAL","Sit",15,5,"QAL","Sit",17,0,"Cage","Sit",218,"Rob"
"990",15.5,6,18,5,"Cage","Sit",18,6,"Cage","Sit",17,0,"Cage","Sit",218,"Rob"
"991",16,3,7,2,"Cage","Sit",6,2,"GR","Eat",NA,NA,"","",218,"Rob"
"992",16,5,18,2,"Cage","Sit",8,2,"GR","Sit",NA,NA,"","",218,"Rob"
"993",16,1,18,1,"Cage","Sit",10,2,"Cage","Sit",NA,NA,"","",218,"Rob"
"994",16,10,18,4,"Cage","Sit",11,3,"GR","Sit",NA,NA,"","",218,"Rob"
"995",16,4,18,0,"Cage","Sit",11,3,"Cage","Walk",NA,NA,"","",218,"Rob"
"996",16,2,18,2,"Cage","Walk",12,4,"GR","Sit",NA,NA,"","",218,"Rob"
"997",16,14,16,2,"Cage","Sit",18,6,"Cage","Sit",NA,NA,"","",218,"Rob"
"998",16,11,17,2,"Cage","Sit",4,2,"Herb","Sit",2,4,"Grass","Sit",218,"Rob"
"999",16,13,18,6,"Cage","Sit",17,6,"Cage","Walk",2,3,"Grass","Sit",218,"Rob"
"1000",16,12,9,0,"Cage","Sit",8,3,"GR","Sit",3,0,"Herb","Sit",218,"Rob"
"1001",16,7,18,2,"Cage","Sit",NA,NA,"","",8,4,"Grass","Sit",218,"Rob"
"1002",16,15,18,5,"Cage","Sit",NA,NA,"","",11,0,"Cage","Walk",218,"Rob"
"1003",16,9,15,4,"Cage","Walk",NA,NA,"","",17,1,"Cage","Sit",218,"Rob"
"1004",16,6,16,3,"Cage","Sit",17,5,"Cage","Sit",17,5,"Cage","Sit",218,"Rob"
"1005",16,8,18,2,"Cage","Sit",18,6,"Cage","Sit",17,0,"Cage","Sit",218,"Rob"
"1006",16.5,5,17,1,"Cage","Walk",7,3,"Grass","Hop",NA,NA,"","",218,"Rob"
"1007",16.5,4,17,0,"Cage","Walk",7,3,"Cage","Sit",NA,NA,"","",218,"Rob"
"1008",16.5,3,6,2,"GR","Eat",8,2,"GR","Sit",NA,NA,"","",218,"Rob"
"1009",16.5,10,18,4,"Cage","Sit",11,3,"GR","Sit",NA,NA,"","",218,"Rob"
"1010",16.5,2,17,0,"Cage","Walk",12,4,"GR","Sit",NA,NA,"","",218,"Rob"
"1011",16.5,14,16,2,"Cage","Sit",18,5,"Cage","Sit",NA,NA,"","",218,"Rob"
"1012",16.5,1,16,1,"Cage","Walk",18,1,"Cage","Sit",NA,NA,"","",218,"Rob"
"1013",16.5,13,18,4,"Cage","Walk",NA,NA,"","",2,3,"Grass","Sit",218,"Rob"
"1014",16.5,11,17,2,"Cage","Sit",4,2,"Herb","Sit",2,4,"Grass","Sit",218,"Rob"
"1015",16.5,12,7,0,"Cage","Sit",8,3,"GR","Walk",3,0,"Herb","Sit",218,"Rob"
"1016",16.5,7,18,2,"Cage","Sit",NA,NA,"","",8,4,"Grass","Sit",218,"Rob"
"1017",16.5,15,16,3,"Cage","Sit",7,3,"GR","Eat",9,0,"Cage","Sit",218,"Rob"
"1018",16.5,9,13,2,"GR","Walk",NA,NA,"","",17,1,"Cage","Sit",218,"Rob"
"1019",16.5,6,17,0,"Cage","Sit",18,4,"Cage","Sit",17,1,"Cage","Sit",218,"Rob"
"1020",16.5,8,18,2,"Cage","Sit",18,0,"Cage","Sit",17,0,"Cage","Sit",218,"Rob"
"1021",17,3,9,2,"Cage","Sit",NA,NA,"","",NA,NA,"","",218,"Rob"
"1022",17,4,9,4,"Cage","Sit",4,3,"Cage","Sit",NA,NA,"","",218,"Rob"
"1023",17,1,18,1,"Cage","Sit",4,1,"Herb","Sit",NA,NA,"","",218,"Rob"
"1024",17,10,18,4,"Cage","Sit",11,3,"GR","Sit",NA,NA,"","",218,"Rob"
"1025",17,2,11,6,"GR","Sit",12,4,"GR","Sit",NA,NA,"","",218,"Rob"
"1026",17,14,13,2,"GR","Sit",13,3,"GR","Walk",NA,NA,"","",218,"Rob"
"1027",17,5,18,5,"Cage","Sit",16,4,"Cage","Walk",NA,NA,"","",218,"Rob"
"1028",17,13,18,5,"Cage","Sit",18,6,"Cage","Sit",2,3,"Cage","Sit",218,"Rob"
"1029",17,11,17,2,"Cage","Sit",4,2,"Herb","Sit",3,3,"Grass","Sit",218,"Rob"
"1030",17,12,9,0,"Cage","Sit",8,3,"GR","Sit",3,0,"Cage","Sit",218,"Rob"
"1031",17,7,18,2,"Cage","Sit",NA,NA,"","",8,4,"Grass","Sit",218,"Rob"
"1032",17,15,7,3,"GR","Sit",10,3,"GR","Sit",8,0,"Cage","Sit",218,"Rob"
"1033",17,9,14,2,"GR","Sit",NA,NA,"","",17,1,"Cage","Sit",218,"Rob"
"1034",17,6,16,3,"Cage","Sit",18,1,"Cage","Sit",17,5,"Cage","Sit",218,"Rob"
"1035",17,8,18,2,"Cage","Sit",18,6,"Cage","Sit",17,0,"Cage","Sit",218,"Rob"
"1036",17.5,3,9,2,"Cage","Sit",NA,NA,"","",NA,NA,"","",218,"Rob"
"1037",17.5,2,12,4,"GR","Sit",NA,NA,"","",NA,NA,"","",218,"Rob"
"1038",17.5,1,18,1,"Cage","Sit",4,1,"Cage","Sit",NA,NA,"","",218,"Rob"
"1039",17.5,4,6,4,"GR","Walk",5,4,"Cage","Sit",NA,NA,"","",218,"Rob"
"1040",17.5,15,7,3,"GR","Eat",10,3,"GR","Eat",NA,NA,"","",218,"Rob"
"1041",17.5,10,18,4,"Cage","Sit",11,2,"Cage","Sit",NA,NA,"","",218,"Rob"
"1042",17.5,14,13,2,"GR","Eat",13,2,"GR","Eat",NA,NA,"","",218,"Rob"
"1043",17.5,5,18,2,"Cage","Sit",15,1,"Cage","Sit",NA,NA,"","",218,"Rob"
"1044",17.5,11,17,2,"Cage","Sit",4,2,"Herb","Sit",2,4,"Grass","Walk",218,"Rob"
"1045",17.5,13,18,5,"Cage","Sit",18,6,"Cage","Sit",2,3,"Grass","Sit",218,"Rob"
"1046",17.5,12,9,3,"GR","Sit",NA,NA,"","",3,0,"Herb","Sit",218,"Rob"
"1047",17.5,7,18,2,"Cage","Sit",NA,NA,"","",8,4,"Grass","Sit",218,"Rob"
"1048",17.5,9,14,2,"GR","Eat",NA,NA,"","",17,1,"Cage","Sit",218,"Rob"
"1049",17.5,6,16,3,"Cage","Sit",15,0,"Cage","Sit",17,5,"Cage","Sit",218,"Rob"
"1050",17.5,8,18,2,"Cage","Sit",18,6,"Cage","Sit",17,0,"Cage","Sit",218,"Rob"
"1051",18,2,12,4,"GR","Sit",NA,NA,"","",NA,NA,"","",218,"Rob"
"1052",18,4,4,3,"Cage","Sit",4,4,"GR","Sit",NA,NA,"","",218,"Rob"
"1053",18,1,18,1,"Cage","Sit",4,1,"Cage","Sit",NA,NA,"","",218,"Rob"
"1054",18,5,18,5,"Cage","Sit",7,2,"GR","Sit",NA,NA,"","",218,"Rob"
"1055",18,3,7,2,"GR","Sit",9,2,"Cage","Sit",NA,NA,"","",218,"Rob"
"1056",18,15,8,3,"GR","Eat",10,3,"GR","Eat",NA,NA,"","",218,"Rob"
"1057",18,10,18,4,"Cage","Sit",11,3,"GR","Sit",NA,NA,"","",218,"Rob"
"1058",18,14,13,3,"GR","Sit",12,3,"GR","Sit",NA,NA,"","",218,"Rob"
"1059",18,13,18,5,"Cage","Sit",NA,NA,"","",2,3,"Grass","Sit",218,"Rob"
"1060",18,12,8,3,"GR","Sit",5,3,"Cage","Sit",3,0,"Herb","Sit",218,"Rob"
"1061",18,11,17,2,"Cage","Sit",4,2,"Herb","Sit",5,1,"Cage","Walk",218,"Rob"
"1062",18,7,16,3,"GR","Sit",NA,NA,"","",8,4,"Grass","Sit",218,"Rob"
"1063",18,9,13,2,"GR","Eat",NA,NA,"","",17,1,"Cage","Sit",218,"Rob"
"1064",18,8,18,2,"QAL","Sit",NA,NA,"","",17,0,"Cage","Sit",218,"Rob"
"1065",18,6,17,0,"Cage","Sit",6,3,"GR","Eat",17,5,"Cage","Sit",218,"Rob"
"1066",18.5,2,12,4,"GR","Sit",NA,NA,"","",NA,NA,"","",218,"Rob"
"1067",18.5,1,18,1,"Cage","Sit",4,0,"Cage","Sit",NA,NA,"","",218,"Rob"
"1068",18.5,4,5,4,"Cage","Sit",5,4,"GR","Sit",NA,NA,"","",218,"Rob"
"1069",18.5,3,9,2,"Cage","Sit",6,2,"GR","Sit",NA,NA,"","",218,"Rob"
"1070",18.5,15,8,3,"GR","Sit",10,3,"GR","Sit",NA,NA,"","",218,"Rob"
"1071",18.5,10,18,4,"Cage","Sit",11,3,"GR","Eat",NA,NA,"","",218,"Rob"
"1072",18.5,14,12,3,"GR","Sit",13,3,"GR","Sit",NA,NA,"","",218,"Rob"
"1073",18.5,5,8,3,"GR","Eat",18,6,"Cage","Walk",NA,NA,"","",218,"Rob"
"1074",18.5,13,18,5,"Cage","Sit",18,6,"Cage","Sit",2,3,"Grass","Sit",218,"Rob"
"1075",18.5,12,8,3,"GR","Sit",NA,NA,"","",3,0,"Herb","Sit",218,"Rob"
"1076",18.5,11,17,2,"Cage","Sit",4,2,"Herb","Sit",3,0,"Cage","Sit",218,"Rob"
"1077",18.5,7,14,3,"GR","Sit",NA,NA,"","",8,4,"Grass","Sit",218,"Rob"
"1078",18.5,9,14,2,"Cage","Sit",NA,NA,"","",17,1,"Cage","Sit",218,"Rob"
"1079",18.5,6,17,0,"Cage","Sit",6,3,"GR","Eat",17,5,"Cage","Sit",218,"Rob"
"1080",18.5,8,17,1,"QAL","Eat",17,5,"Cage","Sit",17,0,"Cage","Sit",218,"Rob"
"1081",19,4,5,4,"Cage","Sit",NA,NA,"","",NA,NA,"","",218,"Rob"
"1082",19,2,12,4,"GR","Sit",NA,NA,"","",NA,NA,"","",218,"Rob"
"1083",19,14,13,2,"GR","Eat",NA,NA,"","",NA,NA,"","",218,"Rob"
"1084",19,1,18,1,"Cage","Sit",3,0,"Cage","Sit",NA,NA,"","",218,"Rob"
"1085",19,3,6,2,"GR","Eat",9,2,"Cage","Sit",NA,NA,"","",218,"Rob"
"1086",19,15,8,3,"GR","Sit",10,3,"GR","Sit",NA,NA,"","",218,"Rob"
"1087",19,10,18,4,"Cage","Sit",11,3,"GR","Sit",NA,NA,"","",218,"Rob"
"1088",19,5,8,3,"GR","Sit",18,6,"Cage","Sit",NA,NA,"","",218,"Rob"
"1089",19,13,18,6,"Cage","Sit",NA,NA,"","",2,3,"Grass","Sit",218,"Rob"
"1090",19,11,17,2,"Cage","Sit",4,2,"Herb","Sit",2,0,"Cage","Sit",218,"Rob"
"1091",19,12,7,3,"GR","Eat",8,3,"GR","Eat",3,0,"Cage","Sit",218,"Rob"
"1092",19,7,10,2,"GR","Sit",NA,NA,"","",8,4,"Grass","Sit",218,"Rob"
"1093",19,6,17,0,"Cage","Sit",6,3,"GR","Eat",16,5,"Cage","Sit",218,"Rob"
"1094",19,9,14,2,"Cage","Sit",NA,NA,"","",17,1,"Cage","Sit",218,"Rob"
"1095",19,8,18,4,"Cage","Sit",16,1,"QAL","Eat",17,0,"Cage","Sit",218,"Rob"
"1096",19.5,14,12,3,"GR","Sit",NA,NA,"","",NA,NA,"","",218,"Rob"
"1097",19.5,1,18,1,"Cage","Sit",3,0,"Cage","Sit",NA,NA,"","",218,"Rob"
"1098",19.5,4,5,4,"Cage","Sit",4,4,"GR","Walk",NA,NA,"","",218,"Rob"
"1099",19.5,15,10,3,"GR","Eat",8,3,"GR","Eat",NA,NA,"","",218,"Rob"
"1100",19.5,3,6,2,"GR","Eat",9,3,"GR","Eat",NA,NA,"","",218,"Rob"
"1101",19.5,2,12,4,"GR","Sit",9,6,"Cage","Sit",NA,NA,"","",218,"Rob"
"1102",19.5,10,18,4,"Cage","Sit",11,3,"GR","Sit",NA,NA,"","",218,"Rob"
"1103",19.5,5,8,3,"GR","Sit",18,6,"Cage","Sit",NA,NA,"","",218,"Rob"
"1104",19.5,13,17,6,"Cage","Sit",NA,NA,"","",2,3,"Cage","Sit",218,"Rob"
"1105",19.5,11,17,2,"Cage","Sit",4,2,"Herb","Sit",2,0,"Cage","Sit",218,"Rob"
"1106",19.5,12,14,2,"Cage","Sit",8,3,"Cage","Sit",3,0,"Herb","Sit",218,"Rob"
"1107",19.5,7,8,2,"GR","Sit",NA,NA,"","",8,4,"Grass","Sit",218,"Rob"
"1108",19.5,6,17,0,"Cage","Sit",6,3,"GR","Sit",16,5,"Cage","Sit",218,"Rob"
"1109",19.5,9,13,1,"GR","Walk",NA,NA,"","",17,1,"Cage","Sit",218,"Rob"
"1110",19.5,8,16,0,"Cage","Sit",18,5,"Cage","Sit",17,0,"Cage","Sit",218,"Rob"
"1111",20,4,8,3,"Cage","Walk",NA,NA,"","",NA,NA,"","",218,"Rob"
"1112",20,2,11,6,"GR","Walk",NA,NA,"","",NA,NA,"","",218,"Rob"
"1113",20,3,9,2,"GR","Sit",7,2,"GR","Sit",NA,NA,"","",218,"Rob"
"1114",20,1,18,1,"Cage","Sit",7,0,"Cage","Sit",NA,NA,"","",218,"Rob"
"1115",20,5,18,4,"Cage","Sit",9,2,"Cage","Sit",NA,NA,"","",218,"Rob"
"1116",20,10,18,4,"Cage","Sit",10,3,"GR","Sit",NA,NA,"","",218,"Rob"
"1117",20,15,8,3,"GR","Sit",11,3,"GR","Sit",NA,NA,"","",218,"Rob"
"1118",20,14,13,3,"GR","Sit",12,3,"GR","Sit",NA,NA,"","",218,"Rob"
"1119",20,12,9,3,"GR","Eat",8,3,"GR","Eat",3,0,"Herb","Sit",218,"Rob"
"1120",20,7,8,2,"GR","Sit",NA,NA,"","",7,3,"Cage","Walk",218,"Rob"
"1121",20,6,8,4,"Cage","Sit",NA,NA,"","",13,5,"Cage","Sit",218,"Rob"
"1122",20,11,17,2,"Cage","Sit",5,2,"Herb","Sit",16,0,"Cage","Sit",218,"Rob"
"1123",20,8,18,1,"Cage","Sit",16,5,"Cage","Walk",16,2,"Cage","Sit",218,"Rob"
"1124",20,9,13,2,"GR","Sit",NA,NA,"","",17,1,"Cage","Sit",218,"Rob"
"1125",20,13,17,6,"Cage","Sit",NA,NA,"","",17,5,"Cage","Sit",218,"Rob"
"1501",8,2,NA,NA,"","",NA,NA,"","",NA,NA,"","",246,"Rob"
"1502",8,4,9,4,"GR","Walk",NA,NA,"","",NA,NA,"","",246,"Rob"
"1503",8,9,10,3,"Cage","Walk",NA,NA,"","",NA,NA,"","",246,"Rob"
"1504",8,1,11,0,"Cage","Sit",2,1,"Grass","Sit",NA,NA,"","",246,"Rob"
"1505",8,10,13,1,"GR","Walk",6,5,"GR","Sit",NA,NA,"","",246,"Rob"
"1506",8,3,10,3,"Cage","Sit",11,3,"Cage","Sit",NA,NA,"","",246,"Rob"
"1507",8,5,17,1,"Cage","Sit",18,0,"Cage","Sit",NA,NA,"","",246,"Rob"
"1508",8,14,17,6,"Cage","Sit",18,0,"Cage","Sit",14,6,"Cage","Sit",246,"Rob"
"1509",8,7,9,0,"GR","Sit",NA,NA,"","",15,0,"Cage","Sit",246,"Rob"
"1510",8,6,17,3,"Cage","Sit",8,2,"GR","Sit",16,1,"Cage","Sit",246,"Rob"
"1511",8,11,NA,NA,"","",NA,NA,"","",17,5,"Cage","Sit",246,"Rob"
"1512",8,13,5,3,"GR","Walk",NA,NA,"","",17,5,"Cage","Sit",246,"Rob"
"1513",8,15,8,5,"Cage","Sit",NA,NA,"","",17,4,"Cage","Sit",246,"Rob"
"1514",8,8,12,1,"Cage","Sit",NA,NA,"","",17,6,"Cage","Sit",246,"Rob"
"1515",8,12,18,3,"Cage","Sit",11,3,"GR","Sit",18,0,"Cage","Sit",246,"Rob"
"1516",8.5,2,NA,NA,"","",NA,NA,"","",NA,NA,"","",246,"Rob"
"1517",8.5,10,14,2,"Cage","Walk",NA,NA,"","",NA,NA,"","",246,"Rob"
"1518",8.5,3,10,3,"Cage","Sit",2,2,"Cage","Sit",NA,NA,"","",246,"Rob"
"1519",8.5,6,16,0,"Cage","Sit",8,2,"GR","Sit",NA,NA,"","",246,"Rob"
"1520",8.5,4,17,6,"Cage","Sit",10,3,"Cage","Sit",NA,NA,"","",246,"Rob"
"1521",8.5,1,7,0,"Grass","Walk",14,0,"Cage","Sit",NA,NA,"","",246,"Rob"
"1522",8.5,5,18,2,"Cage","Sit",17,1,"Cage","Sit",NA,NA,"","",246,"Rob"
"1523",8.5,9,10,3,"Cage","Sit",NA,NA,"","",11,6,"Cage","Sit",246,"Rob"
"1524",8.5,14,16,6,"Cage","Sit",15,3,"GR","Sit",14,6,"Cage","Sit",246,"Rob"
"1525",8.5,7,8,1,"GR","Sit",NA,NA,"","",15,0,"Cage","Sit",246,"Rob"
"1526",8.5,11,6,3,"Cage","Sit",NA,NA,"","",17,5,"Cage","Sit",246,"Rob"
"1527",8.5,13,6,0,"Cage","Sit",NA,NA,"","",17,5,"Cage","Sit",246,"Rob"
"1528",8.5,15,9,5,"Cage","Walk",NA,NA,"","",17,4,"Cage","Sit",246,"Rob"
"1529",8.5,8,14,2,"Cage","Sit",NA,NA,"","",17,6,"Cage","Sit",246,"Rob"
"1530",8.5,12,7,2,"Cage","Sit",11,3,"GR","Sit",18,0,"Cage","Sit",246,"Rob"
"1531",9,2,NA,NA,"","",NA,NA,"","",NA,NA,"","",246,"Rob"
"1532",9,5,18,2,"Cage","Sit",NA,NA,"","",NA,NA,"","",246,"Rob"
"1533",9,6,8,2,"GR","Sit",5,2,"Grass","Eat",NA,NA,"","",246,"Rob"
"1534",9,3,8,0,"Cage","Sit",8,1,"Cage","Sit",NA,NA,"","",246,"Rob"
"1535",9,12,11,3,"GR","Sit",12,1,"Cage","Sit",NA,NA,"","",246,"Rob"
"1536",9,1,16,0,"Cage","Sit",12,0,"Cage","Sit",NA,NA,"","",246,"Rob"
"1537",9,10,18,1,"Cage","Walk",12,5,"Cage","Sit",NA,NA,"","",246,"Rob"
"1538",9,4,18,1,"Cage","Sit",18,1,"Cage","Sit",NA,NA,"","",246,"Rob"
"1539",9,9,11,1,"Cage","Sit",NA,NA,"","",11,6,"Cage","Sit",246,"Rob"
"1540",9,14,10,3,"GR","Eat",11,3,"GR","Eat",14,6,"Cage","Sit",246,"Rob"
"1541",9,7,10,0,"Cage","Sit",NA,NA,"","",15,0,"Cage","Sit",246,"Rob"
"1542",9,11,5,3,"Cage","Sit",NA,NA,"","",17,6,"Cage","Sit",246,"Rob"
"1543",9,13,6,0,"Cage","Sit",NA,NA,"","",17,5,"Cage","Sit",246,"Rob"
"1544",9,15,15,6,"Cage","Sit",NA,NA,"","",17,4,"Cage","Sit",246,"Rob"
"1545",9,8,15,2,"Cage","Sit",NA,NA,"","",17,6,"Cage","Sit",246,"Rob"
"1546",9.5,2,NA,NA,"","",NA,NA,"","",NA,NA,"","",246,"Rob"
"1547",9.5,6,6,3,"Cage","Sit",2,1,"Cage","Sit",NA,NA,"","",246,"Rob"
"1548",9.5,12,9,3,"GR","Sit",6,1,"Cage","Sit",NA,NA,"","",246,"Rob"
"1549",9.5,3,18,0,"Cage","Sit",6,0,"Cage","Sit",NA,NA,"","",246,"Rob"
"1550",9.5,5,18,2,"Cage","Sit",9,5,"Cage","Sit",NA,NA,"","",246,"Rob"
"1551",9.5,1,16,2,"Cage","Sit",14,6,"Cage","Walk",NA,NA,"","",246,"Rob"
"1552",9.5,10,15,5,"Cage","Sit",17,6,"Cage","Sit",NA,NA,"","",246,"Rob"
"1553",9.5,4,16,5,"Cage","Sit",18,1,"Cage","Sit",NA,NA,"","",246,"Rob"
"1554",9.5,14,14,1,"Cage","Sit",8,0,"Cage","Sit",14,0,"Cage","Sit",246,"Rob"
"1555",9.5,7,11,0,"Cage","Sit",NA,NA,"","",15,0,"Cage","Sit",246,"Rob"
"1556",9.5,11,NA,NA,"","",NA,NA,"","",17,6,"Cage","Sit",246,"Rob"
"1557",9.5,13,8,0,"Cage","Sit",NA,NA,"","",17,5,"Cage","Sit",246,"Rob"
"1558",9.5,9,12,2,"Cage","Sit",NA,NA,"","",17,6,"Cage","Sit",246,"Rob"
"1559",9.5,8,18,0,"Cage","Sit",NA,NA,"","",17,6,"Cage","Sit",246,"Rob"
"1560",9.5,15,18,6,"Cage","Walk",9,3,"GR","Sit",17,4,"Cage","Sit",246,"Rob"
"1561",10,2,NA,NA,"","",NA,NA,"","",NA,NA,"","",246,"Rob"
"1562",10,3,16,2,"Cage","Walk",4,0,"Cage","Walk",NA,NA,"","",246,"Rob"
"1563",10,12,7,2,"Cage","Sit",8,1,"Cage","Walk",NA,NA,"","",246,"Rob"
"1564",10,4,5,0,"Cage","Sit",10,4,"GR","Eat",NA,NA,"","",246,"Rob"
"1565",10,1,17,0,"Cage","Sit",16,5,"Cage","Walk",NA,NA,"","",246,"Rob"
"1566",10,5,18,2,"Cage","Sit",17,1,"Cage","Sit",NA,NA,"","",246,"Rob"
"1567",10,10,16,4,"Cage","Sit",18,2,"Cage","Walk",NA,NA,"","",246,"Rob"
"1568",10,6,5,3,"Cage","Sit",2,1,"Cage","Sit",3,1,"Herb","Sit",246,"Rob"
"1569",10,14,10,2,"GR","Eat",NA,NA,"","",14,0,"Cage","Sit",246,"Rob"
"1570",10,7,18,4,"Cage","Sit",NA,NA,"","",15,0,"Cage","Sit",246,"Rob"
"1571",10,9,17,1,"Cage","Sit",NA,NA,"","",16,6,"Cage","Sit",246,"Rob"
"1572",10,11,NA,NA,"","",NA,NA,"","",17,6,"Cage","Sit",246,"Rob"
"1573",10,8,12,1,"Cage","Sit",NA,NA,"","",17,6,"Cage","Sit",246,"Rob"
"1574",10,13,18,2,"Cage","Walk",NA,NA,"","",17,5,"Cage","Sit",246,"Rob"
"1575",10,15,18,5,"Cage","Walk",11,2,"Cage","Hop",17,4,"Cage","Sit",246,"Rob"
"1576",10.5,2,NA,NA,"","",NA,NA,"","",NA,NA,"","",246,"Rob"
"1577",10.5,9,18,1,"Cage","Sit",NA,NA,"","",NA,NA,"","",246,"Rob"
"1578",10.5,3,16,1,"Cage","Sit",4,2,"Cage","Walk",NA,NA,"","",246,"Rob"
"1579",10.5,5,17,1,"Cage","Sit",6,2,"Cage","Sit",NA,NA,"","",246,"Rob"
"1580",10.5,10,17,0,"Cage","Walk",8,6,"Cage","Sit",NA,NA,"","",246,"Rob"
"1581",10.5,1,18,4,"Cage","Sit",15,4,"Cage","Sit",NA,NA,"","",246,"Rob"
"1582",10.5,4,18,2,"Cage","Sit",16,0,"Cage","Sit",NA,NA,"","",246,"Rob"
"1583",10.5,6,6,3,"Cage","Sit",NA,NA,"","",3,1,"Herb","Sit",246,"Rob"
"1584",10.5,14,NA,NA,"","",NA,NA,"","",14,0,"Cage","Sit",246,"Rob"
"1585",10.5,7,18,0,"Cage","Sit",NA,NA,"","",15,0,"Cage","Sit",246,"Rob"
"1586",10.5,11,NA,NA,"","",NA,NA,"","",17,6,"Cage","Sit",246,"Rob"
"1587",10.5,8,11,2,"Cage","Sit",NA,NA,"","",17,6,"Cage","Sit",246,"Rob"
"1588",10.5,13,18,5,"Cage","Sit",NA,NA,"","",17,5,"Cage","Sit",246,"Rob"
"1589",10.5,15,18,1,"Cage","Sit",18,5,"Cage","Sit",17,4,"Cage","Sit",246,"Rob"
"1590",10.5,12,7,2,"Cage","Sit",8,2,"Cage","Sit",18,0,"Cage","Sit",246,"Rob"
"1591",11,2,NA,NA,"","",NA,NA,"","",NA,NA,"","",246,"Rob"
"1592",11,9,17,6,"Cage","Walk",NA,NA,"","",NA,NA,"","",246,"Rob"
"1593",11,5,17,1,"Cage","Sit",3,1,"Grass","Eat",NA,NA,"","",246,"Rob"
"1594",11,3,18,1,"Cage","Sit",5,2,"Grass","Sit",NA,NA,"","",246,"Rob"
"1595",11,12,11,6,"Cage","Sit",8,3,"Cage","Sit",NA,NA,"","",246,"Rob"
"1596",11,10,14,6,"Cage","Sit",18,2,"Cage","Sit",NA,NA,"","",246,"Rob"
"1597",11,4,18,2,"Cage","Walk",18,2,"Cage","Sit",NA,NA,"","",246,"Rob"
"1598",11,1,18,5,"Cage","Sit",18,6,"Cage","Walk",NA,NA,"","",246,"Rob"
"1599",11,6,8,6,"Cage","Sit",2,6,"Cage","Sit",2,2,"Herb","Sit",246,"Rob"
"1600",11,14,8,0,"Cage","Sit",NA,NA,"","",14,0,"Cage","Sit",246,"Rob"
"1601",11,7,18,5,"Cage","Sit",NA,NA,"","",15,0,"Cage","Sit",246,"Rob"
"1602",11,11,2,0,"Grass","Walk",NA,NA,"","",17,6,"Cage","Sit",246,"Rob"
"1603",11,13,18,1,"Cage","Sit",NA,NA,"","",17,5,"Cage","Sit",246,"Rob"
"1604",11,8,18,0,"Cage","Sit",NA,NA,"","",17,6,"Cage","Sit",246,"Rob"
"1605",11,15,18,1,"Cage","Sit",18,5,"Cage","Sit",17,4,"Cage","Sit",246,"Rob"
"1606",11.5,2,NA,NA,"","",NA,NA,"","",NA,NA,"","",246,"Rob"
"1607",11.5,3,11,5,"Cage","Sit",1,0,"Ground","Sit",NA,NA,"","",246,"Rob"
"1608",11.5,12,5,4,"Grass","Eat",3,2,"Grass","Hop",NA,NA,"","",246,"Rob"
"1609",11.5,1,18,6,"Cage","Walk",5,6,"Cage","Sit",NA,NA,"","",246,"Rob"
"1610",11.5,5,17,1,"Cage","Sit",7,0,"Cage","Sit",NA,NA,"","",246,"Rob"
"1611",11.5,10,18,6,"Cage","Walk",10,6,"Cage","Walk",NA,NA,"","",246,"Rob"
"1612",11.5,4,18,3,"Cage","Sit",18,5,"Cage","Sit",NA,NA,"","",246,"Rob"
"1613",11.5,9,17,1,"Cage","Sit",NA,NA,"","",2,5,"Cage","Sit",246,"Rob"
"1614",11.5,6,7,6,"Cage","Sit",8,6,"Cage","Sit",3,1,"Herb","Sit",246,"Rob"
"1615",11.5,14,8,0,"Cage","Hop",NA,NA,"","",8,0,"Cage","Sit",246,"Rob"
"1616",11.5,7,18,5,"Cage","Walk",NA,NA,"","",15,0,"Cage","Sit",246,"Rob"
"1617",11.5,11,1,0,"Grass","Sit",NA,NA,"","",17,6,"Cage","Sit",246,"Rob"
"1618",11.5,13,18,2,"Cage","Sit",NA,NA,"","",17,5,"Cage","Sit",246,"Rob"
"1619",11.5,8,18,1,"Cage","Sit",NA,NA,"","",17,6,"Cage","Sit",246,"Rob"
"1620",11.5,15,18,5,"Cage","Sit",18,6,"Cage","Sit",17,4,"Cage","Sit",246,"Rob"
"1621",12,2,NA,NA,"","",NA,NA,"","",NA,NA,"","",246,"Rob"
"1622",12,5,17,1,"Cage","Sit",NA,NA,"","",NA,NA,"","",246,"Rob"
"1623",12,8,18,0,"Cage","Sit",NA,NA,"","",NA,NA,"","",246,"Rob"
"1624",12,4,18,5,"Cage","Sit",6,2,"Grass","Eat",NA,NA,"","",246,"Rob"
"1625",12,3,18,6,"Cage","Sit",16,2,"Cage","Sit",NA,NA,"","",246,"Rob"
"1626",12,12,10,6,"Cage","Sit",18,0,"Cage","Sit",NA,NA,"","",246,"Rob"
"1627",12,1,18,4,"Cage","Sit",18,5,"Cage","Sit",NA,NA,"","",246,"Rob"
"1628",12,10,18,6,"Cage","Sit",18,6,"Cage","Sit",NA,NA,"","",246,"Rob"
"1629",12,9,18,0,"Cage","Sit",NA,NA,"","",2,5,"Cage","Sit",246,"Rob"
"1630",12,6,9,6,"Cage","Sit",11,6,"Cage","Sit",2,1,"Herb","Sit",246,"Rob"
"1631",12,14,NA,NA,"","",NA,NA,"","",8,0,"Cage","Sit",246,"Rob"
"1632",12,7,18,2,"Cage","Walk",NA,NA,"","",15,0,"Cage","Sit",246,"Rob"
"1633",12,11,NA,NA,"","",NA,NA,"","",17,6,"Cage","Sit",246,"Rob"
"1634",12,13,18,2,"Cage","Walk",NA,NA,"","",17,5,"Cage","Sit",246,"Rob"
"1635",12,15,18,6,"Cage","Sit",5,6,"Cage","Sit",17,4,"Cage","Sit",246,"Rob"
"1636",12.5,2,NA,NA,"","",NA,NA,"","",NA,NA,"","",246,"Rob"
"1637",12.5,6,18,3,"Cage","Sit",NA,NA,"","",NA,NA,"","",246,"Rob"
"1638",12.5,3,11,4,"GR","Sit",4,2,"Grass","Sit",NA,NA,"","",246,"Rob"
"1639",12.5,5,17,1,"Cage","Sit",8,6,"Cage","Sit",NA,NA,"","",246,"Rob"
"1640",12.5,12,18,1,"Cage","Walk",10,6,"Cage","Sit",NA,NA,"","",246,"Rob"
"1641",12.5,1,18,4,"Cage","Walk",14,6,"Cage","Sit",NA,NA,"","",246,"Rob"
"1642",12.5,10,18,1,"Cage","Sit",15,2,"Cage","Walk",NA,NA,"","",246,"Rob"
"1643",12.5,4,18,5,"Cage","Sit",16,4,"Cage","Sit",NA,NA,"","",246,"Rob"
"1644",12.5,9,16,4,"Cage","Sit",NA,NA,"","",2,5,"Cage","Sit",246,"Rob"
"1645",12.5,14,3,2,"Grass","Hop",NA,NA,"","",8,0,"Cage","Sit",246,"Rob"
"1646",12.5,7,18,2,"Cage","Sit",NA,NA,"","",15,0,"Cage","Sit",246,"Rob"
"1647",12.5,11,2,5,"Cage","Sit",NA,NA,"","",17,6,"Cage","Sit",246,"Rob"
"1648",12.5,15,16,5,"Cage","Sit",NA,NA,"","",17,4,"Cage","Sit",246,"Rob"
"1649",12.5,13,18,3,"Cage","Walk",NA,NA,"","",17,5,"Cage","Sit",246,"Rob"
"1650",12.5,8,18,1,"Cage","Sit",NA,NA,"","",17,6,"Cage","Sit",246,"Rob"
"1651",13,2,NA,NA,"","",NA,NA,"","",NA,NA,"","",246,"Rob"
"1652",13,10,18,4,"Cage","Sit",NA,NA,"","",NA,NA,"","",246,"Rob"
"1653",13,3,18,6,"Cage","Sit",2,6,"Cage","Sit",NA,NA,"","",246,"Rob"
"1654",13,1,17,5,"Cage","Walk",11,5,"Cage","Sit",NA,NA,"","",246,"Rob"
"1655",13,5,17,1,"Cage","Sit",18,4,"Cage","Sit",NA,NA,"","",246,"Rob"
"1656",13,4,18,5,"Cage","Sit",18,5,"Cage","Sit",NA,NA,"","",246,"Rob"
"1657",13,9,18,1,"Cage","Walk",NA,NA,"","",2,5,"Cage","Sit",246,"Rob"
"1658",13,6,18,1,"Cage","Sit",16,6,"Cage","Walk",2,1,"Herb","Sit",246,"Rob"
"1659",13,14,2,1,"Grass","Eat",11,3,"GR","Eat",7,0,"Cage","Sit",246,"Rob"
"1660",13,7,17,1,"GR","Sit",NA,NA,"","",15,0,"Cage","Sit",246,"Rob"
"1661",13,11,6,6,"Cage","Walk",NA,NA,"","",17,5,"Cage","Sit",246,"Rob"
"1662",13,8,13,2,"QAL","Sit",NA,NA,"","",17,6,"Cage","Sit",246,"Rob"
"1663",13,13,18,0,"Cage","Walk",NA,NA,"","",17,5,"Cage","Sit",246,"Rob"
"1664",13,15,18,1,"Cage","Walk",17,5,"Cage","Sit",17,4,"Cage","Sit",246,"Rob"
"1665",13,12,9,3,"GR","Walk",6,1,"Cage","Walk",18,0,"Cage","Sit",246,"Rob"
"1666",13.5,2,NA,NA,"","",NA,NA,"","",NA,NA,"","",246,"Rob"
"1667",13.5,3,5,2,"Grass","Hop",NA,NA,"","",NA,NA,"","",246,"Rob"
"1668",13.5,6,16,2,"Cage","Sit",17,6,"Cage","Sit",2,1,"Herb","Sit",246,"Rob"
"1669",13.5,1,17,5,"Cage","Sit",17,5,"Cage","Walk",NA,NA,"","",246,"Rob"
"1670",13.5,4,18,5,"Cage","Sit",18,4,"Cage","Sit",NA,NA,"","",246,"Rob"
"1671",13.5,10,18,1,"Cage","Walk",18,3,"Cage","Walk",NA,NA,"","",246,"Rob"
"1672",13.5,9,18,3,"Cage","Sit",NA,NA,"","",2,5,"Cage","Sit",246,"Rob"
"1673",13.5,5,17,1,"Cage","Sit",18,1,"Cage","Sit",NA,NA,"","",246,"Rob"
"1674",13.5,14,17,3,"Cage","Sit",NA,NA,"","",7,0,"Cage","Sit",246,"Rob"
"1675",13.5,7,18,5,"Cage","Sit",NA,NA,"","",15,0,"Cage","Sit",246,"Rob"
"1676",13.5,11,11,6,"Cage","Sit",NA,NA,"","",17,5,"Cage","Sit",246,"Rob"
"1677",13.5,8,11,2,"Cage","Sit",NA,NA,"","",17,6,"Cage","Sit",246,"Rob"
"1678",13.5,13,15,0,"Cage","Walk",NA,NA,"","",17,5,"Cage","Sit",246,"Rob"
"1679",13.5,15,18,5,"Cage","Sit",18,6,"Cage","Sit",17,4,"Cage","Sit",246,"Rob"
"1680",13.5,12,18,3,"Cage","Walk",5,5,"Grass","Sit",18,0,"Cage","Sit",246,"Rob"
"1681",14,2,NA,NA,"","",NA,NA,"","",NA,NA,"","",246,"Rob"
"1682",14,3,18,1,"Cage","Sit",NA,NA,"","",NA,NA,"","",246,"Rob"
"1683",14,1,11,1,"Cage","Sit",8,2,"Cage","Walk",NA,NA,"","",246,"Rob"
"1684",14,5,10,1,"Cage","Hop",17,1,"Cage","Sit",NA,NA,"","",246,"Rob"
"1685",14,10,18,0,"Cage","Walk",17,1,"Cage","Sit",NA,NA,"","",246,"Rob"
"1686",14,4,18,4,"Cage","Sit",18,4,"Cage","Sit",NA,NA,"","",246,"Rob"
"1687",14,6,18,5,"Cage","Sit",NA,NA,"","",2,1,"Herb","Sit",246,"Rob"
"1688",14,9,18,3,"Cage","Sit",NA,NA,"","",3,5,"Cage","Sit",246,"Rob"
"1689",14,14,17,1,"Cage","Sit",NA,NA,"","",7,0,"Cage","Sit",246,"Rob"
"1690",14,7,18,5,"Cage","Sit",NA,NA,"","",15,0,"Cage","Sit",246,"Rob"
"1691",14,11,13,6,"Cage","Sit",NA,NA,"","",17,5,"Cage","Sit",246,"Rob"
"1692",14,8,14,0,"Cage","Sit",NA,NA,"","",17,6,"Cage","Sit",246,"Rob"
"1693",14,13,16,1,"Cage","Walk",NA,NA,"","",17,5,"Cage","Sit",246,"Rob"
"1694",14,15,18,2,"Cage","Sit",18,3,"Cage","Sit",17,4,"Cage","Sit",246,"Rob"
"1695",14,12,5,4,"Cage","Sit",18,0,"Cage","Sit",18,0,"Cage","Sit",246,"Rob"
"1696",14.5,2,NA,NA,"","",NA,NA,"","",NA,NA,"","",246,"Rob"
"1697",14.5,3,5,4,"GR","Sit",NA,NA,"","",NA,NA,"","",246,"Rob"
"1698",14.5,4,18,3,"Cage","Sit",6,1,"Cage","Sit",NA,NA,"","",246,"Rob"
"1699",14.5,10,17,1,"Cage","Walk",16,1,"Cage","Sit",NA,NA,"","",246,"Rob"
"1700",14.5,5,18,2,"Cage","Sit",17,1,"Cage","Sit",NA,NA,"","",246,"Rob"
"1701",14.5,1,18,4,"Cage","Sit",18,5,"Cage","Walk",NA,NA,"","",246,"Rob"
"1702",14.5,9,18,3,"Cage","Sit",NA,NA,"","",2,5,"Cage","Sit",246,"Rob"
"1703",14.5,6,17,0,"Cage","Walk",NA,NA,"","",3,1,"Herb","Sit",246,"Rob"
"1704",14.5,14,10,2,"GR","Eat",NA,NA,"","",7,0,"Cage","Sit",246,"Rob"
"1705",14.5,7,18,1,"Cage","Sit",NA,NA,"","",15,0,"Cage","Sit",246,"Rob"
"1706",14.5,13,12,1,"Cage","Sit",NA,NA,"","",17,5,"Cage","Sit",246,"Rob"
"1707",14.5,11,13,6,"Cage","Molt",NA,NA,"","",17,6,"Cage","Attack",246,"Rob"
"1708",14.5,8,14,0,"Cage","Sit",NA,NA,"","",17,6,"Cage","Sit",246,"Rob"
"1709",14.5,15,4,2,"Cage","Walk",18,0,"Cage","Sit",17,4,"Cage","Sit",246,"Rob"
"1710",14.5,12,7,4,"Cage","Walk",18,1,"Cage","Sit",17,0,"Cage","Sit",246,"Rob"
"1711",15,2,NA,NA,"","",NA,NA,"","",NA,NA,"","",246,"Rob"
"1712",15,1,7,2,"GR","Sit",NA,NA,"","",NA,NA,"","",246,"Rob"
"1713",15,3,6,2,"Cage","Sit",3,1,"Grass","Hop",NA,NA,"","",246,"Rob"
"1714",15,4,18,3,"Cage","Sit",9,3,"GR","Hop",NA,NA,"","",246,"Rob"
"1715",15,5,17,1,"Cage","Sit",16,1,"Cage","Sit",NA,NA,"","",246,"Rob"
"1716",15,10,18,1,"Cage","Walk",18,5,"Cage","Sit",NA,NA,"","",246,"Rob"
"1717",15,6,18,1,"Cage","Sit",18,3,"Cage","Sit",3,1,"Herb","Sit",246,"Rob"
"1718",15,14,18,1,"Cage","Walk",NA,NA,"","",7,0,"Cage","Sit",246,"Rob"
"1719",15,9,18,3,"Cage","Sit",NA,NA,"","",13,2,"Cage","Sit",246,"Rob"
"1720",15,7,18,2,"Cage","Sit",NA,NA,"","",15,0,"Cage","Sit",246,"Rob"
"1721",15,11,14,6,"Cage","Walk",NA,NA,"","",17,5,"Cage","Eat",246,"Rob"
"1722",15,8,14,0,"Cage","Sit",NA,NA,"","",17,6,"Cage","Sit",246,"Rob"
"1723",15,13,15,0,"Grass","Eat",NA,NA,"","",17,5,"Cage","Sit",246,"Rob"
"1724",15,15,18,1,"Cage","Sit",1,0,"Cage","Hop",17,4,"Cage","Sit",246,"Rob"
"1725",15,12,18,1,"Cage","Walk",18,3,"Cage","Sit",18,0,"Cage","Sit",246,"Rob"
"1726",15.5,2,NA,NA,"","",NA,NA,"","",NA,NA,"","",246,"Rob"
"1727",15.5,3,10,2,"Cage","Hop",NA,NA,"","",NA,NA,"","",246,"Rob"
"1728",15.5,1,14,1,"Cage","Hop",7,1,"GR","Eat",NA,NA,"","",246,"Rob"
"1729",15.5,4,18,2,"Cage","Sit",16,3,"Cage","Sit",NA,NA,"","",246,"Rob"
"1730",15.5,10,16,1,"Cage","Sit",17,2,"Cage","Sit",NA,NA,"","",246,"Rob"
"1731",15.5,5,17,1,"Cage","Sit",17,0,"Cage","Sit",NA,NA,"","",246,"Rob"
"1732",15.5,14,18,0,"Cage","Sit",18,1,"Cage","Sit",7,0,"Cage","Sit",246,"Rob"
"1733",15.5,7,17,1,"GR","Sit",NA,NA,"","",14,0,"Cage","Sit",246,"Rob"
"1734",15.5,8,14,0,"Cage","Sit",NA,NA,"","",17,6,"Cage","Sit",246,"Rob"
"1735",15.5,11,15,6,"Cage","Sit",NA,NA,"","",17,5,"Cage","Eat",246,"Rob"
"1736",15.5,13,17,1,"Cage","Sit",NA,NA,"","",17,5,"Cage","Sit",246,"Rob"
"1737",15.5,9,18,3,"Cage","Sit",NA,NA,"","",17,2,"Cage","Sit",246,"Rob"
"1738",15.5,15,18,1,"Cage","Sit",5,0,"Cage","Hop",17,4,"Cage","Sit",246,"Rob"
"1739",15.5,6,18,1,"Cage","Sit",18,3,"Cage","Sit",17,2,"Cage","Sit",246,"Rob"
"1740",15.5,12,9,3,"GR","Walk",NA,NA,"","",18,0,"Cage","Sit",246,"Rob"
"1741",16,2,NA,NA,"","",NA,NA,"","",NA,NA,"","",246,"Rob"
"1742",16,3,3,2,"Herb","Sit",NA,NA,"","",NA,NA,"","",246,"Rob"
"1743",16,1,18,0,"Cage","Sit",12,1,"Cage","Sit",NA,NA,"","",246,"Rob"
"1744",16,10,11,2,"GR","Sit",14,1,"GR","Eat",NA,NA,"","",246,"Rob"
"1745",16,5,3,2,"Grass","Hop",17,1,"Cage","Sit",NA,NA,"","",246,"Rob"
"1746",16,4,14,0,"Cage","Sit",18,2,"Cage","Sit",NA,NA,"","",246,"Rob"
"1747",16,14,16,0,"Cage","Sit",18,1,"Cage","Sit",7,0,"Cage","Sit",246,"Rob"
"1748",16,6,18,3,"Cage","Sit",4,2,"Grass","Eat",9,0,"Cage","Sit",246,"Rob"
"1749",16,7,18,5,"Cage","Sit",NA,NA,"","",14,0,"Cage","Sit",246,"Rob"
"1750",16,12,8,2,"Cage","Sit",NA,NA,"","",17,0,"Cage","Sit",246,"Rob"
"1751",16,13,8,2,"Cage","Sit",NA,NA,"","",17,5,"Cage","Sit",246,"Rob"
"1752",16,8,10,1,"GR","Walk",NA,NA,"","",17,6,"Cage","Sit",246,"Rob"
"1753",16,11,18,3,"Cage","Sit",NA,NA,"","",17,6,"Cage","Sit",246,"Rob"
"1754",16,9,18,3,"Cage","Sit",NA,NA,"","",17,2,"Cage","Sit",246,"Rob"
"1755",16,15,14,2,"Cage","Sit",9,3,"Cage","Sit",17,4,"Cage","Sit",246,"Rob"
"1756",16.5,2,NA,NA,"","",NA,NA,"","",NA,NA,"","",246,"Rob"
"1757",16.5,3,5,2,"Grass","Hop",NA,NA,"","",NA,NA,"","",246,"Rob"
"1758",16.5,4,18,2,"Cage","Sit",7,4,"GR","Eat",NA,NA,"","",246,"Rob"
"1759",16.5,5,18,1,"Cage","Sit",7,5,"Grass","Hop",NA,NA,"","",246,"Rob"
"1760",16.5,10,5,5,"Cage","Hop",16,1,"Cage","Sit",NA,NA,"","",246,"Rob"
"1761",16.5,1,12,1,"Cage","Sit",18,0,"Cage","Sit",NA,NA,"","",246,"Rob"
"1762",16.5,6,18,3,"Cage","Sit",5,2,"Cage","Sit",5,0,"Cage","Sit",246,"Rob"
"1763",16.5,14,18,0,"Cage","Sit",15,3,"GR","Walk",7,0,"Cage","Sit",246,"Rob"
"1764",16.5,7,18,5,"Cage","Sit",NA,NA,"","",14,0,"Cage","Sit",246,"Rob"
"1765",16.5,13,4,2,"Grass","Walk",NA,NA,"","",17,5,"Cage","Sit",246,"Rob"
"1766",16.5,8,11,1,"Cage","Sit",NA,NA,"","",17,6,"Cage","Sit",246,"Rob"
"1767",16.5,11,18,3,"Cage","Sit",NA,NA,"","",17,5,"Cage","Sit",246,"Rob"
"1768",16.5,9,18,3,"Cage","Sit",NA,NA,"","",17,1,"Cage","Sit",246,"Rob"
"1769",16.5,15,6,3,"GR","Walk",9,2,"Cage","Sit",17,4,"Cage","Sit",246,"Rob"
"1770",16.5,12,4,2,"Cage","Sit",8,2,"Cage","Sit",18,0,"Cage","Sit",246,"Rob"
"1771",17,2,NA,NA,"","",NA,NA,"","",NA,NA,"","",246,"Rob"
"1772",17,3,4,2,"Grass","Sit",NA,NA,"","",NA,NA,"","",246,"Rob"
"1773",17,10,16,1,"Cage","Sit",NA,NA,"","",NA,NA,"","",246,"Rob"
"1774",17,4,18,2,"Cage","Sit",7,4,"Cage","Sit",NA,NA,"","",246,"Rob"
"1775",17,1,18,0,"Cage","Sit",11,1,"GR","Eat",NA,NA,"","",246,"Rob"
"1776",17,5,14,3,"Cage","Sit",17,1,"Cage","Molt",NA,NA,"","",246,"Rob"
"1777",17,14,18,1,"Cage","Sit",10,2,"GR","Sit",7,0,"Cage","Sit",246,"Rob"
"1778",17,7,18,5,"Cage","Sit",NA,NA,"","",14,0,"Cage","Sit",246,"Rob"
"1779",17,13,7,2,"Grass","Sit",NA,NA,"","",17,5,"Cage","Sit",246,"Rob"
"1780",17,8,11,0,"Cage","Sit",NA,NA,"","",17,6,"Cage","Sit",246,"Rob"
"1781",17,11,18,3,"Cage","Sit",NA,NA,"","",17,6,"Cage","Sit",246,"Rob"
"1782",17,9,18,3,"Cage","Sit",NA,NA,"","",17,1,"Cage","Sit",246,"Rob"
"1783",17,15,7,4,"Cage","Sit",7,3,"GR","Eat",17,4,"Cage","Sit",246,"Rob"
"1784",17,12,4,2,"Cage","Sit",8,2,"Cage","Sit",17,0,"Cage","Sit",246,"Rob"
"1785",17,6,13,2,"Cage","Sit",18,2,"Cage","Sit",17,0,"Cage","Sit",246,"Rob"
"1786",17.5,2,NA,NA,"","",NA,NA,"","",NA,NA,"","",246,"Rob"
"1787",17.5,9,13,1,"Cage","Sit",NA,NA,"","",NA,NA,"","",246,"Rob"
"1788",17.5,10,16,1,"Cage","Sit",NA,NA,"","",NA,NA,"","",246,"Rob"
"1789",17.5,3,11,4,"GR","Sit",6,2,"Cage","Hop",NA,NA,"","",246,"Rob"
"1790",17.5,1,11,1,"GR","Sit",7,2,"GR","Sit",NA,NA,"","",246,"Rob"
"1791",17.5,4,18,2,"Cage","Sit",7,4,"GR","Sit",NA,NA,"","",246,"Rob"
"1792",17.5,5,14,3,"Cage","Sit",17,3,"Cage","Sit",NA,NA,"","",246,"Rob"
"1793",17.5,14,18,1,"Cage","Sit",NA,NA,"","",7,0,"Cage","Sit",246,"Rob"
"1794",17.5,7,18,4,"Cage","Sit",NA,NA,"","",14,0,"Cage","Sit",246,"Rob"
"1795",17.5,8,10,1,"Cage","Sit",NA,NA,"","",17,6,"Cage","Sit",246,"Rob"
"1796",17.5,11,17,3,"Cage","Sit",NA,NA,"","",17,6,"Cage","Sit",246,"Rob"
"1797",17.5,12,8,2,"Cage","Sit",3,1,"Cage","Sit",17,0,"Cage","Sit",246,"Rob"
"1798",17.5,15,8,3,"GR","Sit",8,5,"Cage","Hop",17,4,"Cage","Sit",246,"Rob"
"1799",17.5,6,14,0,"Cage","Sit",18,2,"Cage","Sit",17,0,"Cage","Sit",246,"Rob"
"1800",17.5,13,7,2,"Grass","Sit",NA,NA,"","",18,6,"Cage","Sit",246,"Rob"
"1801",18,2,NA,NA,"","",NA,NA,"","",NA,NA,"","",246,"Rob"
"1802",18,3,12,4,"GR","Eat",NA,NA,"","",NA,NA,"","",246,"Rob"
"1803",18,9,14,0,"Cage","Sit",NA,NA,"","",NA,NA,"","",246,"Rob"
"1804",18,1,12,0,"Cage","Sit",6,2,"GR","Sit",NA,NA,"","",246,"Rob"
"1805",18,10,16,1,"Cage","Sit",6,5,"Cage","Walk",NA,NA,"","",246,"Rob"
"1806",18,4,18,2,"Cage","Sit",8,4,"GR","Sit",NA,NA,"","",246,"Rob"
"1807",18,5,18,2,"Cage","Sit",10,2,"Cage","Sit",NA,NA,"","",246,"Rob"
"1808",18,7,17,1,"GR","Eat",NA,NA,"","",13,0,"Cage","Sit",246,"Rob"
"1809",18,13,7,1,"Cage","Sit",NA,NA,"","",17,6,"Cage","Sit",246,"Rob"
"1810",18,12,8,2,"Cage","Sit",NA,NA,"","",17,0,"Cage","Sit",246,"Rob"
"1811",18,8,10,1,"Cage","Sit",NA,NA,"","",17,6,"Cage","Sit",246,"Rob"
"1812",18,6,14,0,"Cage","Sit",NA,NA,"","",17,0,"Cage","Sit",246,"Rob"
"1813",18,11,18,3,"Cage","Sit",NA,NA,"","",17,5,"Cage","Sit",246,"Rob"
"1814",18,15,6,3,"GR","Sit",8,3,"GR","Sit",17,4,"Cage","Sit",246,"Rob"
"1815",18,14,14,3,"GR","Walk",10,2,"GR","Sit",17,2,"Cage","Sit",246,"Rob"
"1816",18.5,2,NA,NA,"","",NA,NA,"","",NA,NA,"","",246,"Rob"
"1817",18.5,9,14,1,"Cage","Walk",NA,NA,"","",NA,NA,"","",246,"Rob"
"1818",18.5,3,15,2,"Cage","Sit",NA,NA,"","",NA,NA,"","",246,"Rob"
"1819",18.5,10,16,2,"GR","Eat",NA,NA,"","",NA,NA,"","",246,"Rob"
"1820",18.5,1,12,0,"Cage","Sit",6,2,"GR","Sit",NA,NA,"","",246,"Rob"
"1821",18.5,4,18,3,"Cage","Walk",7,4,"GR","Eat",NA,NA,"","",246,"Rob"
"1822",18.5,5,18,2,"Cage","Sit",9,4,"GR","Eat",NA,NA,"","",246,"Rob"
"1823",18.5,6,13,0,"Cage","Sit",18,2,"Cage","Sit",12,0,"Cage","Sit",246,"Rob"
"1824",18.5,7,17,1,"Cage","Sit",NA,NA,"","",14,0,"Cage","Sit",246,"Rob"
"1825",18.5,14,9,2,"GR","Sit",10,2,"GR","Sit",16,0,"Cage","Sit",246,"Rob"
"1826",18.5,12,7,3,"GR","Sit",NA,NA,"","",17,0,"Cage","Sit",246,"Rob"
"1827",18.5,13,7,1,"GR","Eat",NA,NA,"","",17,6,"Cage","Sit",246,"Rob"
"1828",18.5,8,10,0,"Cage","Walk",NA,NA,"","",17,6,"Cage","Sit",246,"Rob"
"1829",18.5,11,17,3,"Cage","Sit",NA,NA,"","",17,5,"Cage","Sit",246,"Rob"
"1830",18.5,15,6,3,"GR","Eat",7,3,"GR","Sit",17,4,"Cage","Sit",246,"Rob"
"1831",19,2,NA,NA,"","",NA,NA,"","",NA,NA,"","",246,"Rob"
"1832",19,9,13,1,"Cage","Sit",NA,NA,"","",NA,NA,"","",246,"Rob"
"1833",19,3,16,5,"Cage","Walk",NA,NA,"","",NA,NA,"","",246,"Rob"
"1834",19,10,16,2,"GR","Eat",8,5,"Cage","Sit",NA,NA,"","",246,"Rob"
"1835",19,4,18,2,"Cage","Sit",8,4,"GR","Sit",NA,NA,"","",246,"Rob"
"1836",19,5,18,3,"Cage","Sit",10,6,"Cage","Sit",NA,NA,"","",246,"Rob"
"1837",19,1,8,0,"Grass","Eat",12,0,"Cage","Sit",NA,NA,"","",246,"Rob"
"1838",19,14,9,3,"Grass","Eat",10,2,"GR","Eat",16,0,"Cage","Sit",246,"Rob"
"1839",19,12,7,3,"GR","Eat",NA,NA,"","",17,0,"Cage","Sit",246,"Rob"
"1840",19,13,7,1,"GR","Sit",NA,NA,"","",17,6,"Cage","Sit",246,"Rob"
"1841",19,8,10,0,"Cage","Sit",NA,NA,"","",17,6,"Cage","Sit",246,"Rob"
"1842",19,11,17,3,"Cage","Sit",NA,NA,"","",17,6,"Cage","Sit",246,"Rob"
"1843",19,7,17,1,"Cage","Sit",NA,NA,"","",17,0,"Cage","Sit",246,"Rob"
"1844",19,15,10,3,"GR","Walk",8,3,"GR","Eat",17,4,"Cage","Sit",246,"Rob"
"1845",19,6,18,2,"Cage","Sit",9,3,"GR","Sit",17,0,"Cage","Walk",246,"Rob"
